cigarettes;age;income;population_normalized;price;tax;ethnicity;country;population;treatment
0.140115308;-0.510927324;1.028315866;-0.581432322;0.504708129;0.228151978;Bianchi;1;0.859881088;0
-0.077223471;0.231170554;1.072049115;-0.248368058;-0.110096615;0.682641306;Caucasici;0;0.942455628;0
-0.297861887;-0.660520674;0.059866377;1.555498903;1.283097874;0.701772809;Ispanici;0;1.389677079;1
-2.053955025;1.192451192;0.172967106;0.054835939;-1.887005315;-1.250001658;Ispanici;0;1.017627098;1
0.996668621;0.436328441;2.566974575;0.114107535;-2.144790847;-1.991866293;Bianchi;1;1.032321934;1
0.772736035;-0.60558721;-0.988544848;1.713164997;1.626160297;2.236155304;Caucasici;0;1.428766247;1
1.490730451;-1.725557059;-0.205274666;0.448513253;-0.113892572;0.263787624;Caucasici;1;1.115229051;1
-0.368847317;-0.647886828;-2.350998143;-1.291918514;0.227199048;0.40765412;Ispanici;0;0.683734691;0
-0.084933256;2.150191221;-0.636574646;-0.708867882;-0.646658938;-1.160355427;Caucasici;0;0.828286787;0
0.215247913;-0.551770118;0.484735144;-0.465657129;1.169918501;1.163611013;Bianchi;0;0.888584507;0
1.612618603;-0.700506395;-2.728529661;1.218070032;1.898686778;1.869842376;Bianchi;1;1.306020449;1
-1.934768885;0.636502712;-2.763030694;0.346564185;0.531991317;1.559867695;Bianchi;0;1.089953457;1
-0.992809522;0.311338587;1.249093177;0.387864811;-1.951151902;-1.98962842;Caucasici;1;1.100192863;1
-0.737892869;0.865279314;-0.422479581;0.095346707;-0.728165918;-1.007742336;Bianchi;0;1.027670679;1
-0.052756196;-0.28225306;0.251281237;-0.576758998;0.814997241;0.128968534;Ispanici;0;0.861039716;0
1.608550124;1.293073899;-0.143200581;1.785614844;0.416420879;0.728716508;Ispanici;0;1.446728284;1
0.733951209;-1.15540468;-0.183304174;0.485756834;0.216406567;-0.512159956;Bianchi;1;1.12446262;1
0.865864447;0.105229985;1.291867907;-1.999349669;-0.131616677;-0.826481156;Caucasici;1;0.508345711;0
0.851474046;-0.660023004;-0.240794853;0.690966529;-1.001113651;0.2633079;Bianchi;1;1.175338975;1
-0.521838501;0.678881334;-1.690428583;-0.493013765;0.129823683;-0.91093361;Caucasici;1;0.881802148;0
0.43485496;0.219586204;0.204576129;-1.093029205;2.232475736;2.073512612;Ispanici;1;0.733044073;0
-0.467638613;1.103355066;0.203424029;-0.236063292;-1.076853332;-1.792541211;Bianchi;0;0.945506271;0
0.581567923;2.26157439;-1.343113268;-1.050859729;0.818492771;0.540097449;Bianchi;1;0.743498888;0
-0.007263172;0.177190529;-0.8477299;-0.751258313;-0.885293298;-1.963671045;Bianchi;0;0.817777193;0
-1.278679559;-0.706886935;1.67475822;-0.646536636;-0.239005113;-0.462000994;Bianchi;0;0.843740183;0
-0.485887274;-0.856511416;-0.184308678;-1.71708158;1.874439946;1.514618905;Caucasici;0;0.578326672;0
-0.877217694;-0.395217938;-1.595645373;0.828540225;0.141025678;1.154130658;Caucasici;1;1.209446761;1
-2.998426315;-0.249389584;-1.359657458;0.138394623;-1.159084128;-1.366664743;Bianchi;0;1.038343279;1
-0.614944769;2.044684322;-0.373869452;-1.16393128;-1.665213637;-1.4422851;Caucasici;0;0.715465766;0
1.3189017;-1.063248806;-0.672252099;1.248052158;0.94422836;0.08910612;Ispanici;0;1.31345373;1
0.128333176;-1.15633248;1.22752518;0.413772748;-0.714479497;-0.920200057;Ispanici;0;1.106616055;1
-0.834193854;-0.514178585;-0.255197449;-0.313805511;0.044629275;0.43802316;Bianchi;1;0.926232129;0
-0.039431857;0.561215548;0.987362294;0.886359028;-0.807614229;-0.951053829;Bianchi;1;1.223781415;1
-0.883383992;0.710720245;0.495688005;0.869224552;-1.264904423;-1.576860864;Ispanici;0;1.219533372;1
1.155989715;-0.834096935;-0.884580868;0.812198544;0.325082128;-0.398541254;Bianchi;0;1.20539527;1
0.941791841;0.202700264;1.168058342;0.678144393;-0.561974129;-1.191714993;Caucasici;0;1.172160064;1
-0.868192816;-0.168772476;-0.222302354;0.542293548;1.169959034;1.117688261;Bianchi;1;1.138479413;1
-0.620851605;1.174838883;-0.382169577;-0.078693125;0.261816849;-0.303067062;Bianchi;1;0.984522072;0
0.66302461;1.220942589;-0.012327481;-0.324787901;-0.445896084;-0.005109061;Bianchi;0;0.923509334;0
-0.114467093;-0.310610449;-1.76267117;-0.399920214;0.097759682;1.413091857;Ispanici;0;0.90488225;0
0.088187322;0.068692162;1.054610095;-0.716787784;0.752325233;1.889646065;Ispanici;0;0.826323255;0
0.262383287;0.72086054;-0.558264266;-0.225921427;-0.251788725;-0.020469537;Caucasici;0;0.94802068;0
0.73037795;-1.596467568;0.130136817;-1.292256438;0.38780858;0.365130781;Caucasici;0;0.683650912;0
1.918004702;-0.182339451;0.300391415;2.170857119;0.756180685;1.340740396;Ispanici;0;1.542238991;1
1.004457831;0.674623746;-0.417586196;1.201815236;0.383063429;-0.142825652;Caucasici;1;1.3019905;1
-0.981877594;-0.635437255;1.052682048;-1.14877707;-0.956779394;-1.010571381;Ispanici;1;0.719222854;0
-0.060028782;-0.072778642;1.342924489;-0.422521754;0.749527235;1.025749812;Caucasici;1;0.899278791;0
0.356092084;0.027701869;0.531801377;-0.486826324;0.233785026;-1.493244763;Ispanici;0;0.883336162;0
0.394720199;-0.721981842;-1.692914344;0.770234064;-1.298971515;-0.211506975;Bianchi;0;1.19499128;1
-1.264703027;-1.186519424;-0.013172033;-0.100330177;0.527602742;-0.370775265;Ispanici;0;0.979157733;0
-1.736132272;-0.250915714;-0.286200369;0.239177019;1.213339747;-0.492272824;Ispanici;1;1.063329629;1
1.098028507;-0.237187895;0.230085962;-0.045048752;-2.178081982;-2.71955822;Caucasici;0;0.992863311;1
0.078580516;0.880813183;-0.423926336;-0.059492409;-0.492401522;-0.554286971;Caucasici;1;0.989282386;1
-0.803789044;1.435984001;0.984619474;1.363800816;1.074988788;1.297537652;Bianchi;0;1.342150571;1
0.215784802;0.028973039;-1.104757597;-0.243924652;-0.41708399;-0.436314749;Bianchi;1;0.943557254;0
0.40758699;0.410562001;-0.537044533;1.512907471;0.263611513;-0.587398742;Ispanici;0;1.379117651;1
0.351264994;0.011588606;0.840784157;-1.57798588;-0.849955485;-0.633098509;Caucasici;0;0.612811799;0
1.880225881;0.823991721;-0.011972232;0.573246711;-1.495451127;-0.840947355;Caucasici;1;1.146153437;1
-1.042075768;0.103349941;-0.667409675;0.108628541;0.672365264;0.177395037;Bianchi;0;1.030963561;0
-1.678154691;0.214537424;-0.510328699;0.201487058;0.340791479;0.624718688;Ispanici;0;1.053985392;1
-1.639973792;1.136041224;-1.425676497;0.366555872;1.381453661;1.479600854;Bianchi;0;1.094909871;1
-1.302895125;-1.175421741;0.649172852;-0.522793128;-1.181894276;-1.532920153;Bianchi;0;0.874419137;0
-0.365440665;1.485278443;-1.063383979;-0.352260784;-0.224059212;0.427943645;Caucasici;0;0.916698154;0
-0.73489951;0.320442973;-0.984557944;-1.043368449;-0.245044163;-0.120794219;Bianchi;0;0.745356154;0
1.595401931;0.409770054;0.202984606;-1.097029952;-0.891553141;0.31868701;Ispanici;0;0.732052193;0
-3.197275585;-0.814426593;1.008634324;0.289807635;-0.585789315;-0.999129267;Bianchi;0;1.07588216;1
1.64624163;-0.008117852;1.120767886;0.435700415;-0.813080596;0.078735484;Bianchi;0;1.112052445;1
0.88362453;0.492414537;-0.411342334;0.037185185;-0.609644507;-1.121034911;Bianchi;1;1.013251057;0
1.584813446;-2.002146531;0.112503563;0.913728136;0.719925104;0.691182218;Ispanici;1;1.230566867;1
0.950653856;-0.574737904;-1.719997857;2.050990343;-0.519806099;-0.913657843;Bianchi;1;1.512521171;1
-0.679101695;0.549636174;-0.487952142;-0.511406273;-0.075998652;0.095842724;Caucasici;0;0.877242208;0
0.472661852;-0.175583949;0.410439425;-2.344770113;-1.954421951;-2.09326339;Bianchi;1;0.422707781;0
0.122100328;-0.871208153;1.057774423;0.997898227;0.223238188;0.358968021;Bianchi;1;1.251434631;1
0.746149072;-0.559029193;0.618879746;-0.731402947;0.579342407;1.139524763;Bianchi;1;0.822699809;0
0.229648411;0.297055704;-0.29754465;-0.710033326;1.139124279;0.797144756;Bianchi;1;0.827997846;0
1.80939979;-1.536282186;0.488672345;1.017897164;1.042857838;1.084869762;Ispanici;0;1.256392842;1
-0.59546087;0.849124037;-0.467244631;-0.30342079;-1.443461189;-1.322372186;Bianchi;0;0.928806748;0
-0.046810441;-2.229639149;0.373192966;-1.247203634;-0.718087389;-0.136267127;Bianchi;1;0.694820572;0
-0.820571435;-0.461001137;0.146606846;0.166558889;-0.214194821;-0.037273378;Bianchi;1;1.04532587;1
0.668692439;-0.748249862;0.76556866;-0.156317449;0.199588493;0.752353792;Bianchi;0;0.965277159;1
-0.03315964;-1.117614271;-1.844732119;-0.010450472;-0.597040308;-0.134900585;Ispanici;1;1.001441046;1
-0.51224937;-1.026295122;-0.287376374;0.372244031;-0.486098095;-0.170549738;Caucasici;0;1.0963201;1
0.132738714;0.287892861;-0.186365457;-0.390027082;1.538296339;1.708898611;Bianchi;0;0.907334992;0
1.246186171;-0.022734507;1.717710204;0.633509998;1.027868324;1.122162946;Bianchi;1;1.161094137;1
-0.258500594;-0.333527472;-0.611411725;-0.238595973;-1.748861811;-1.722616191;Ispanici;1;0.94487836;0
0.368966678;-2.229707862;1.055874069;0.318297567;0.011609996;-0.352571157;Bianchi;0;1.082945491;1
0.160971658;-1.414462946;0.925037865;1.089761643;-0.675026774;-0.959444277;Bianchi;0;1.274209753;1
0.563887613;-0.080757106;-0.867483737;0.422563021;2.503699554;3.001549238;Caucasici;0;1.108795373;1
-0.955871552;-1.025157255;0.49042152;-0.344924054;0.607562839;-0.463085861;Bianchi;0;0.918517104;0
1.108935342;-0.76340358;1.773678632;1.142165464;0.772354356;1.179609976;Caucasici;0;1.287201905;1
-1.11302312;0.940554997;-1.710887365;0.985561098;-0.220254927;0.128760146;Bianchi;0;1.248375964;1
0.368627616;0.177856215;2.396686216;0.536726621;0.171774901;0.140826162;Caucasici;0;1.13709924;1
-2.331023484;-1.19779854;-0.525264726;0.224468082;-0.638529007;0.528384974;Caucasici;0;1.059682934;1
-0.448036032;-0.51239983;-0.965444101;-0.649427452;0.037954649;-0.110559112;Ispanici;0;0.843023481;0
0.154514814;-0.33872976;0.666980651;1.355784404;0.369712569;0.864915875;Ispanici;0;1.340163112;1
0.591728665;-0.617075417;-0.397971773;-0.621549436;0.176970197;0.591958796;Ispanici;0;0.849935103;0
0.632506553;-1.00899819;-0.392864485;2.189388046;-1.789645977;-1.651192759;Bianchi;0;1.546833248;1
0.009257916;-0.10186574;-0.98859404;1.529182658;-0.654878858;-0.522782954;Caucasici;1;1.383152657;1
0.868289371;0.884373231;-0.437402655;-0.253937179;-0.260312789;-0.491013563;Caucasici;0;0.94107491;0
1.164636573;0.404377167;0.284595751;-1.051279669;-0.702998875;-0.473197973;Caucasici;1;0.743394775;0
0.817305669;-0.081123221;-0.865157156;-0.732618846;0.754292322;1.096851248;Caucasici;0;0.822398359;0
-2.491158025;0.277169038;-0.75089278;0.242772071;1.101146423;1.518289878;Caucasici;0;1.064220927;1
1.019256199;0.942855632;0.969653651;-0.265020748;-1.133454725;-0.888483137;Caucasici;1;0.93832703;0
-0.689179875;-0.233991074;1.429424219;-0.366716051;0.016806693;0.573767599;Bianchi;0;0.91311435;0
-0.258520682;0.476416355;-0.116683463;-0.975850898;-0.893255814;-1.136834715;Bianchi;0;0.762095358;0
1.079277622;-1.071974632;0.313395746;-0.061667743;-0.167886518;-0.524868884;Caucasici;0;0.988743069;1
-0.043591388;-0.251365303;1.01815456;-0.80774064;-0.515663447;0.331394252;Ispanici;0;0.803773883;0
-0.316565285;-0.418427531;-0.041068125;-1.698173171;-0.137885384;-0.156630426;Bianchi;1;0.583014516;0
0.263910205;0.230976316;1.349407369;-0.399673686;-0.275327312;-0.648142345;Bianchi;1;0.90494337;0
0.727904072;0.422543289;-0.1176232;0.910429885;-0.396702898;-1.225173161;Bianchi;0;1.229749152;1
0.444297777;-0.066242747;0.660999004;-0.596428179;-0.368444922;-0.279221554;Bianchi;1;0.856163259;0
-0.835784082;-0.913656592;-0.905934798;0.596792835;-0.144982086;0.084877377;Ispanici;1;1.151991081;1
-0.400352787;-0.9368705;-2.359200563;-1.647694718;1.189818794;0.59308556;Bianchi;0;0.595529323;0
0.433214641;0.329753701;0.949261168;-0.072290203;0.155005696;-0.844117624;Caucasici;0;0.986109509;0
0.407250468;1.450182127;-1.005471808;0.507494088;0.409549098;0.618604829;Bianchi;0;1.129851801;1
-1.277195215;-0.805431408;-0.775185192;0.287412464;-0.398110902;-1.131532173;Bianchi;0;1.075288341;1
-0.197571726;-0.433187567;0.111580051;0.090298257;-1.21048597;-0.512575216;Ispanici;1;1.026419049;0
-1.086287119;0.230635161;0.491358187;-0.662334578;1.080760152;0.481331052;Bianchi;0;0.839823498;0
-0.613113168;-0.607647786;-1.518155527;-0.873083188;0.424479375;-0.661098703;Bianchi;0;0.787573913;0
-0.047235304;0.13322922;2.02830093;-1.048968364;-0.540856806;-0.746983643;Caucasici;0;0.743967802;0
-1.634282865;-0.085350099;0.679090422;0.102368907;-0.274578263;-0.014821273;Bianchi;0;1.029411649;1
0.704757494;-0.710627713;1.465134694;-0.971672241;-0.019436104;0.067649223;Ispanici;0;0.763131346;0
0.023874623;0.897363575;-1.339885893;-0.510928584;0.875128952;0.965852884;Bianchi;0;0.877360639;0
-1.306023038;0.730900871;0.230934643;-0.274499785;-0.370948002;-0.200812549;Caucasici;1;0.935976952;0
0.821254429;1.087990737;0.561702443;1.843040635;-0.862576081;-1.668065271;Ispanici;0;1.460965501;1
-0.154380334;1.355668078;-3.111478227;-0.673672635;-0.62046604;-0.623084737;Ispanici;1;0.837012525;0
-1.246303834;-0.515813923;0.091616213;0.221094905;0.041843976;-0.598548567;Ispanici;0;1.058846643;1
-1.087757774;-0.451812493;0.481555903;0.062350809;-0.21980657;-0.900171468;Caucasici;1;1.019490212;1
-0.506154449;0.246173383;-0.254933706;-0.986174704;0.242409951;0.353878922;Bianchi;1;0.759535841;0
-0.052371762;0.632647026;1.595455171;-0.088168191;1.819518707;2.532444943;Caucasici;1;0.982172978;1
-0.084061929;-0.415379504;-0.443546413;1.440385427;1.214512035;0.825062821;Caucasici;0;1.361137715;1
0.797435664;-0.368643124;0.13730017;0.439022277;0.860221851;-0.123801554;Caucasici;0;1.112876013;1
-0.613106719;-0.717697252;-0.42197755;0.0253153;1.074901435;0.534645704;Bianchi;0;1.010308231;0
-0.652416108;1.468699698;1.015016472;-0.442297994;2.423046689;1.472340932;Bianchi;0;0.894375792;0
-0.416858976;-2.603892525;1.055240513;-2.086705224;-0.281123708;-0.27683209;Bianchi;0;0.486688195;0
-0.012925456;-0.228562761;0.728829119;1.124548751;0.229973434;0.696582099;Ispanici;0;1.282834303;1
-0.461051106;0.02608154;0.802689477;-1.48913524;-0.589417601;0.595006409;Bianchi;0;0.634839982;0
0.212320762;-1.096914479;-1.24454476;0.729881327;0.489153404;-0.091115992;Bianchi;1;1.184986878;1
0.02315001;0.34742526;-1.521956601;1.90882857;0.378481479;0.088263017;Bianchi;1;1.477275892;1
0.074242979;-1.995047496;0.197447056;-1.472248082;0.639298333;0.683469638;Caucasici;1;0.63902671;0
-1.00584842;0.843182451;0.397555848;0.691398551;-0.118105476;0.006081186;Caucasici;0;1.175446084;1
0.660242324;-1.653843224;0.367944502;-0.280656212;0.25558186;-0.307764092;Caucasici;0;0.934450628;0
0.761722365;-2.152481055;-0.026514759;-1.601573128;-0.995469588;-0.560741227;Bianchi;1;0.60696396;0
-1.067098704;-0.870255977;-0.053917341;-1.543615281;0.511727147;0.322585872;Bianchi;0;0.621333087;0
-1.43985961;0.055634599;-0.245197008;-1.631211288;-0.593725733;-0.022108491;Caucasici;0;0.599615957;0
2.014718674;-0.433909993;0.781582943;-0.551615569;0.732292519;-0.340608139;Ispanici;0;0.867273369;0
0.165685626;-0.523432476;0.880840223;-1.490260096;0.287723222;0.20845931;Ispanici;0;0.634561104;0
0.280862999;0.36369686;-1.143549506;0.677414853;-0.787071547;-0.740140205;Bianchi;0;1.171979193;1
1.014022699;-1.069857872;0.585429064;2.10143353;-0.303742813;-0.770115119;Ispanici;0;1.525027235;1
0.198741072;-0.020509586;-0.258083711;-1.314071739;1.446464926;1.40435455;Caucasici;0;0.678242381;0
0.368317411;0.529128526;0.098483048;0.778072895;-0.279462661;-0.849107849;Bianchi;1;1.196934712;1
-0.292006715;1.626578314;0.990730178;0.759219713;0.239461641;0.347765043;Caucasici;1;1.19226056;1
-1.648819794;0.467258809;-0.543340266;0.318721704;-1.499489356;-0.934619766;Bianchi;0;1.083050645;1
-0.799248387;1.72691701;-0.12938787;-1.033084263;0.480303189;-0.199114465;Caucasici;0;0.747905848;0
-0.303980248;0.45098251;-1.344312964;-0.136715901;0.422209559;0.422131668;Caucasici;0;0.970136848;1
-0.464545508;-0.051111404;-0.074275751;-0.299006457;-0.47693433;-0.977079621;Caucasici;1;0.929901166;0
1.808660317;-2.16636658;0.370427373;0.551441401;-0.327422255;0.627824518;Ispanici;0;1.140747383;1
0.451747328;-1.210946378;-0.233570077;-0.391820702;-0.942697625;0.252359624;Ispanici;0;0.906890311;0
0.09627098;-0.372952593;1.216290313;0.968892193;-0.511977493;-0.283880905;Bianchi;0;1.244243347;1
0.458265827;0.797175744;0.869943307;-0.393980743;0.2050909;0.277464387;Caucasici;0;0.906354786;0
0.845473106;-0.2733714;-0.463325716;1.045264546;-0.719209656;0.108159434;Caucasici;1;1.263177866;1
-0.317901099;0.559388138;0.371987491;-1.074226348;-0.352329356;-0.807295972;Bianchi;1;0.737705748;0
0.408924281;-1.019776796;0.107387292;-1.286971439;-1.047705498;-1.364008313;Ispanici;0;0.684961189;0
0.581909853;-0.339774607;0.156176113;3.251919336;-0.502866193;0.138982135;Bianchi;0;1.810259984;1
-0.063392244;0.222817776;0.686338123;-0.436611523;-0.829008095;-0.971816105;Caucasici;1;0.895785603;0
-1.664665017;-0.434674944;2.041405023;0.284462191;0.306066522;-0.003440812;Bianchi;0;1.074556898;1
-0.568367568;0.026798629;-0.303434201;0.625637744;-1.396860304;-1.614658982;Ispanici;1;1.159142419;1
-0.091945226;-0.688800896;-0.712283492;-0.504095013;-0.433017886;-0.896605002;Ispanici;0;0.879054844;0
0.525340135;0.415926503;1.31842679;0.504927614;-0.864730778;0.305473546;Bianchi;1;1.129215511;1
-1.951243702;-0.144766318;-1.426140696;0.355791518;1.123452565;1.076414702;Caucasici;0;1.092241132;1
-0.00877643;-0.042529811;-0.33940609;-0.233447158;-0.385601056;0.202000646;Ispanici;1;0.946154873;0
-2.28531484;-2.121360415;-1.286726976;0.049576905;-0.75741926;-0.961617353;Bianchi;0;1.016323258;1
0.107505595;-0.7023542;0.990057736;-0.050615482;-1.093757504;-0.38190634;Bianchi;1;0.991483187;1
2.131084353;-1.380508592;-0.123124955;2.130013848;0.36743149;1.125702095;Bianchi;1;1.532112975;1
-0.502812163;-1.711402899;0.14111407;-0.763807401;0.858557121;0.549941902;Ispanici;1;0.814665976;0
-0.993896726;-0.588742342;-0.719085583;-1.1214377;0.512180869;0.818823778;Caucasici;1;0.726000933;0
-1.313729123;-0.161891872;0.612400356;0.021841931;0.940508329;1.028009088;Ispanici;0;1.0094471;1
-0.802346284;0.357664521;0.05205928;0.296817964;0.047652463;0.409708049;Ispanici;0;1.077620187;1
1.197678709;1.24039079;1.803675295;0.423916247;0.971382491;1.140685383;Bianchi;0;1.10913087;1
2.097614564;0.715226285;0.812228967;-0.478466877;-1.024177629;-0.940051286;Ispanici;1;0.885408667;0
0.25210843;1.120179593;-0.081777515;-1.088493968;0.35977955;0.33146449;Bianchi;0;0.734168467;0
1.316627892;-0.450345694;0.741612229;1.257500885;-0.805726213;-0.30639192;Ispanici;0;1.315796294;1
1.765276918;-0.104402175;0.085210331;-0.368841491;0.020384115;0.233956782;Caucasici;0;0.912587403;0
-0.510270305;1.093034516;0.505500941;-0.889024095;1.914112969;1.355577963;Caucasici;0;0.783621784;0
-0.076283549;0.002844895;-0.559056464;-0.25452124;0.466508474;0.535543342;Caucasici;0;0.940930108;0
0.663782729;-1.657885127;-1.115234106;-0.215090089;-0.258228828;-0.597334101;Ispanici;0;0.950706026;1
-0.267993121;-0.966923375;0.856679036;1.10295247;-0.911645637;-0.316932877;Caucasici;0;1.277480072;1
-2.867336745;0.873485565;0.346153133;0.069184001;-0.025035304;-0.919435569;Bianchi;0;1.021184323;1
1.876373923;-0.431599406;-1.383907896;0.744105735;1.211694833;-0.05920083;Ispanici;0;1.188513446;1
-0.274283697;0.306237659;2.219912696;-0.519736305;-0.639846172;-0.466768506;Ispanici;1;0.875176996;0
-1.510247028;-0.006429361;0.358831658;0.199978268;0.11653902;0.823859178;Caucasici;0;1.053611327;1
-0.714821225;-0.572880851;-2.002862949;-0.343667948;-0.625361007;-0.459915357;Bianchi;0;0.918828522;0
-1.209037698;-0.320952652;-2.130513851;0.079112695;-0.197709407;0.742973344;Bianchi;0;1.023645882;1
0.290569301;0.472395375;-0.113036549;-0.919124575;0.083499914;0.753035623;Bianchi;0;0.776159161;0
-0.340121578;0.212558204;0.897392676;-1.338041869;0.257999607;-0.403619325;Caucasici;0;0.672299617;0
0.52056533;1.273495894;-0.121813707;1.997676267;0.636527379;1.458324064;Bianchi;1;1.499303346;1
1.246102917;-0.093842963;0.688578188;0.589476575;0.424880101;0.058572926;Bianchi;0;1.150177206;1
-0.076205417;-0.915133808;-1.39683877;-1.278013157;-1.149356467;-0.619393576;Ispanici;0;0.68718216;0
-0.378651034;0.137744716;0.840813746;-0.632547101;-0.493808509;0.107227986;Ispanici;1;0.847208521;0
-0.401514601;0.730272854;-0.327280166;-1.211670906;-0.723796726;-0.958186393;Bianchi;0;0.703629979;0
-0.382076245;2.255860462;-0.571852567;2.20096152;-0.073287742;0.683475016;Bianchi;0;1.549702587;1
0.877784385;-0.439210557;0.792310453;1.307140947;-0.514409924;-0.862626377;Bianchi;0;1.328103244;1
-0.558278926;-0.391909602;-0.801307411;-0.283628464;0.479950795;1.324980642;Bianchi;1;0.933713736;0
1.31428385;1.043368606;0.782822028;0.531480148;-0.233665069;-2.042401688;Caucasici;0;1.135798515;1
-2.216349322;1.090978435;-0.582142731;-0.434072799;-0.215912056;-1.080367115;Bianchi;0;0.896415013;0
0.447906196;-0.609275276;-1.044095631;-0.49649819;-0.315840341;-0.305876184;Caucasici;1;0.880938276;0
-0.482972151;0.649712158;1.021030565;-0.811469981;-0.210367502;-0.668478555;Bianchi;1;0.802849291;0
1.620996042;-0.368852848;-1.055320497;-0.615859864;2.749668445;1.376072835;Ispanici;1;0.851345683;0
0.819327183;-0.97516441;0.52690079;1.648470185;0.503421628;-0.028905135;Bianchi;0;1.412726867;1
0.394350796;0.697045724;-0.249474682;-0.070743518;-0.643027596;0.387912788;Bianchi;0;0.986492969;0
-0.950834507;0.164656395;-0.157845208;0.103980935;1.34989672;0.738065238;Caucasici;1;1.029811309;1
-1.035559245;0.438425404;0.465161579;0.229465278;0.069382635;0.185017939;Bianchi;1;1.060921857;1
1.115954069;-0.519336706;-0.223475695;1.22653441;1.122289609;0.992076189;Bianchi;0;1.30811897;1
1.276308866;2.023300264;1.260699896;-0.536648576;0.39110236;0.471540989;Bianchi;0;0.870984042;0
0.480630244;0.780461456;0.176890829;-1.017081906;0.718395498;0.729707123;Ispanici;0;0.751873212;0
0.901997151;-0.34007095;-0.775820165;1.673467251;-1.071720108;-1.452950139;Caucasici;0;1.418924233;1
1.489974858;0.897663094;2.195351627;-0.461120701;-0.789175807;-1.09350644;Bianchi;0;0.889709196;0
0.877082704;-1.155717677;1.515727985;-0.74538427;-0.434980141;-2.194396524;Caucasici;0;0.819233508;0
0.478061335;-0.058609493;1.19286282;-1.26288931;-0.158146655;-0.220975598;Caucasici;1;0.69093172;0
0.583395313;1.557414676;1.615922201;-1.3117376;1.126171997;1.462969763;Ispanici;0;0.678821069;0
0.174664982;-0.155308664;-0.373504444;-0.595043193;-0.993276443;-0.945281014;Ispanici;0;0.85650663;0
0.831891611;1.010336154;1.02547298;0.606898256;-0.525853326;0.34801021;Bianchi;1;1.154496454;1
0.586630806;-0.22883724;2.185865887;1.102879715;0.380943892;0.472794206;Caucasici;0;1.277462035;1
1.151719243;-2.295598016;0.673518255;0.697251175;0.075764502;0.270685958;Bianchi;0;1.176897088;1
0.386017085;-0.866941812;0.428950748;-0.382965702;0.681048518;-0.252999246;Caucasici;0;0.909085676;0
-1.853562643;0.188125228;-0.8065178;0.043987388;-0.512906639;-0.585514867;Ispanici;1;1.014937484;1
1.322234196;1.673708056;1.135234873;-0.726760089;0.473490662;-0.60539532;Bianchi;0;0.823850884;0
-0.394522023;-0.631333246;-1.108103994;-0.739487489;-1.148312953;0.051093248;Bianchi;1;0.82069546;0
0.107161327;0.268151782;-0.352487422;0.875796141;1.313106821;1.330572018;Bianchi;1;1.221162625;1
1.140283644;-0.834651151;-0.316821964;-1.040360664;-0.807453465;-0.760561531;Caucasici;1;0.746101855;0
1.124138005;-1.01051492;0.886415571;1.955405791;-0.319210133;-0.089990706;Caucasici;0;1.488823491;1
1.116804358;-0.659035645;-1.89289051;-0.107338912;0.918231099;0.130314689;Bianchi;1;0.977420101;1
-1.973966103;1.352518585;0.204755279;0.200072568;0.403879256;0.823335642;Bianchi;0;1.053634707;1
-0.092716116;0.972729895;1.849470736;-0.76097549;0.509130687;-0.199869714;Caucasici;0;0.815368074;0
-0.284150841;0.599650926;0.24396161;-0.595461881;0.284747626;0.669740851;Caucasici;0;0.856402828;0
-1.047392093;1.062351342;1.957967636;-1.344308512;-0.788192627;-1.464038393;Bianchi;1;0.670745967;0
0.055354338;-0.436654787;0.349593346;-0.200720241;1.038811035;0.749493282;Bianchi;0;0.954268653;0
-0.315825973;0.730607936;0.460239842;0.406228274;-0.125900236;0.128740318;Bianchi;1;1.104745601;1
-0.589446359;0.312367877;-0.633238401;0.310757325;-1.060238658;-1.062476429;Bianchi;0;1.081076086;1
-0.08027628;-1.068423111;-0.95776534;-0.804344453;-1.685655626;-2.296795685;Bianchi;1;0.804615878;0
0.177785935;-0.82838944;0.761206167;-0.811489274;0.197183689;-0.333526037;Bianchi;1;0.802844507;0
-0.665226819;-0.004109922;-0.756326748;-0.522667349;0.469961491;0.700659527;Bianchi;0;0.87445032;0
0.666163032;0.249323095;-1.368617609;1.492326612;0.334181744;0.35091325;Bianchi;0;1.374015167;1
-1.238954983;-0.452433239;0.818689161;-1.163090985;-0.828007511;-0.331055713;Caucasici;1;0.715674095;0
-1.830936835;-1.259349601;0.688211819;-0.196814005;0.469785005;0.081664522;Bianchi;0;0.955237101;1
2.719308959;-1.924508152;-0.602484647;1.902030363;0.247378576;0.187905937;Bianchi;0;1.475590455;1
0.652745131;0.521610435;-0.139235745;-0.118083437;-1.935190936;-0.718021593;Bianchi;0;0.974756279;1
0.31700523;-0.21963845;-0.501458531;-1.387491721;0.867833144;0.085651063;Bianchi;1;0.660039824;0
-1.986100533;0.372178524;-1.349166882;-0.686599526;-0.054386927;0.144552329;Bianchi;1;0.833807641;0
1.238072246;-1.482830235;-0.341315952;0.47326257;-0.785733041;-0.689890216;Bianchi;1;1.121364995;1
0.721417696;-1.200872365;-0.999566065;-0.395011316;0.478637352;0.229831349;Caucasici;0;0.906099282;0
-0.0442362;-0.098711876;-0.574878728;-0.582844769;0.727237331;0.341917223;Bianchi;0;0.859530909;0
1.061965032;-1.334413723;-0.387407329;-0.363060325;1.353917032;0.556955713;Caucasici;0;0.914020691;0
1.569662771;-1.884915243;-0.340326858;0.074991588;1.479222312;0.741579436;Bianchi;0;1.022624162;0
0.304410278;0.803910217;-1.236892123;1.595632672;0.538180456;0.441939418;Bianchi;0;1.399627193;1
1.567212858;1.112635908;1.034715055;-0.105569737;-0.46764076;0.334267702;Bianchi;0;0.977858722;1
1.666241747;-0.931521121;1.136651767;1.073587802;-0.062756065;-0.063202785;Bianchi;0;1.270199874;1
1.37640619;-0.141956173;-0.544215949;0.619773483;-0.525812404;0.481750421;Bianchi;1;1.157688529;1
0.225548057;-1.15662937;0.160601231;-0.130854511;-0.614389114;-1.236697497;Bianchi;0;0.971590026;1
-0.44085294;0.32976779;-0.031237751;-1.562002335;0.225453787;0.686374254;Bianchi;0;0.616774499;0
-0.719386296;-0.093593229;-0.692116436;-0.541744383;-0.460666858;-0.502319544;Ispanici;0;0.869720671;0
0.530472554;-0.822271088;-0.70401901;-0.51023584;1.716339584;2.368286433;Caucasici;1;0.877532387;0
0.649143495;-0.738942108;0.302212086;0.031286401;-0.559320793;-0.563642998;Caucasici;0;1.011788608;0
0.974273509;-1.046461625;0.351607594;1.294824359;-2.757187934;-2.852888409;Ispanici;0;1.325049669;1
0.275188009;0.400814859;-0.030835026;2.296019605;1.160296183;1.403236034;Bianchi;0;1.573269743;1
0.275778401;0.578438546;-1.010774113;1.544278462;-1.022938843;-0.56537031;Ispanici;0;1.386895265;1
1.588589646;0.584990475;-0.379880263;-0.150528977;0.229403697;0.625030167;Bianchi;0;0.966712259;1
-0.963458391;-0.918115631;-1.377218775;-1.787500495;0.235047175;0.257695566;Bianchi;0;0.560868151;0
0.221339483;-1.825769434;0.049622066;-0.40829866;1.001030455;1.12757564;Bianchi;0;0.902805034;0
-2.537994867;0.430173675;-1.072823614;0.073691366;0.089449302;-0.87149258;Ispanici;0;1.022301806;1
-0.524086202;-0.272137052;-0.832483426;0.835826699;-0.521539383;-1.156605861;Bianchi;0;1.211253251;1
0.243707859;-0.04503271;-0.56416041;0.954325801;1.066767843;1.096139116;Ispanici;0;1.240631992;1
-0.169640888;1.030995078;-0.368668862;0.6737773;-1.293892165;-0.925058133;Ispanici;0;1.171077357;1
-0.447322266;-0.940726302;0.319259091;-1.423222109;-1.6713184;-1.499892044;Ispanici;1;0.651181413;0
-0.398184842;1.109216288;0.150051177;0.840495515;1.163394626;0.808924418;Caucasici;0;1.212410761;1
0.007442218;-0.415473955;-0.185139171;-0.466559873;0.282343628;-0.033458724;Ispanici;1;0.888360696;0
-0.137326499;-0.597195237;-0.006362133;0.160003668;0.836704809;2.310057845;Ispanici;1;1.043700675;1
-1.531732449;-0.220101724;-0.892128594;0.058912582;1.179228984;0.374404186;Bianchi;0;1.018637794;1
-0.737738794;0.298506604;0.15032812;0.41548955;-0.346995783;-0.320588297;Bianchi;0;1.107041691;1
-2.011058869;-0.286921616;0.111761011;0.008618695;-0.627968078;-0.594412423;Caucasici;0;1.006168746;1
-1.590249603;-1.075251865;0.521737018;-1.697702422;1.711740515;1.715161241;Ispanici;0;0.583131226;0
-0.80750679;-0.421230873;0.179069285;0.726400875;-0.104419954;-1.183009317;Caucasici;0;1.184123991;1
-1.074933702;-2.622834096;0.110165136;0.372996447;0.783529889;0.648346547;Bianchi;0;1.096506642;1
-0.297327948;-0.583675696;2.333625145;-0.284139275;-1.126068267;0.595467584;Bianchi;1;0.933587094;0
-0.634701325;0.377646099;1.393812995;0.102870991;-0.349598337;-0.54036915;Ispanici;1;1.029536128;0
1.851868895;0.032449901;0.113850686;0.118898232;1.422855752;1.566588598;Bianchi;0;1.033509661;0
0.038963772;0.879457313;0.304800286;0.206607483;-0.66584456;-0.714874228;Caucasici;1;1.055254867;1
2.698554003;0.749150485;1.231421512;1.638324625;0.738366531;0.011764351;Caucasici;0;1.410211541;1
0.767675504;0.74669047;2.014514635;-0.237147763;-0.094450733;0.420051911;Ispanici;0;0.945237405;0
0.011044455;0.671090247;0.393032221;0.15320993;1.488835927;2.354167354;Bianchi;0;1.042016346;0
0.13353734;-1.836080477;-0.605175916;1.161905661;0.754612912;0.646572816;Bianchi;0;1.292095968;1
-0.473737867;-0.07567629;-1.714189963;1.046746411;1.41019117;1.76249805;Ispanici;1;1.263545256;1
-0.218091217;1.62710868;0.080146726;1.138591272;-0.236286193;-0.696319799;Ispanici;1;1.286315778;1
1.022058034;-0.347972137;-1.436819583;-0.59856698;-1.78105402;-1.711567502;Ispanici;0;0.855633;0
1.228991703;0.541200852;-0.040168326;2.002989741;1.769249991;0.919579601;Caucasici;0;1.500620683;1
-0.577567101;0.24820441;-0.072366789;0.050996532;-1.134599106;-1.595377969;Ispanici;1;1.016675218;1
0.476655665;0.568377094;-0.27965462;1.866223005;-1.414989741;-1.308671411;Bianchi;0;1.466712961;1
-1.263682365;-0.397100381;0.904294241;-1.378478851;-0.480586281;0.643755306;Ispanici;0;0.662274329;0
-0.819798317;-0.605635084;0.093281032;0.004896385;0.551514473;-0.024315259;Bianchi;1;1.005245897;1
0.334534524;0.074414166;-0.857685039;1.244119144;1.408192059;0.877686161;Bianchi;0;1.312478643;1
-0.225674325;0.20385007;0.784600684;-0.737494966;1.270460945;1.464205542;Bianchi;0;0.821189453;0
1.757401756;0.034070776;0.360582908;-0.775255348;0.81923666;0.944179646;Caucasici;0;0.811827758;0
0.697017665;0.132957779;1.178831747;-0.962661496;-0.102874612;0.414762456;Bianchi;0;0.765365324;0
-0.417184676;0.417006801;-0.308898591;-1.07759056;0.562150598;0.583662798;Caucasici;0;0.73687168;0
-1.244845547;-0.940023465;-0.378671144;-0.457083488;0.511224892;0.176403887;Bianchi;1;0.890710117;0
-1.703421483;1.14957292;-0.600076827;0.317689728;0.283790658;1.740762839;Bianchi;1;1.082794793;1
-0.067154368;2.341926319;1.250180802;-2.047341584;0.288361282;0.084219301;Caucasici;1;0.496447376;0
-1.262835547;1.552118753;-0.064149188;0.197492749;0.166083513;0.839372534;Ispanici;0;1.052995108;1
1.001012207;-0.414188126;0.977070576;1.230768744;-1.163277171;-0.906766575;Ispanici;0;1.309168762;1
2.102317682;-1.729673841;0.042439285;2.038374904;0.344654453;0.070996543;Caucasici;0;1.509393505;1
0.352063147;0.06060612;-1.287701209;1.295809858;-2.573323413;-1.962831561;Caucasici;1;1.325293998;1
0.005806394;0.881318901;0.540759159;0.746849501;0.858329893;0.16986482;Caucasici;1;1.189193691;1
-0.765885782;0.786242679;-0.667758041;-1.757453962;-0.588374531;-1.455832942;Bianchi;0;0.5683174;0
0.971123624;-1.157251754;0.784543982;-0.622807001;-0.766734626;-0.099766687;Bianchi;0;0.849623323;0
0.214354923;-1.131326694;0.516001569;-0.371257626;0.795232053;-0.209024019;Caucasici;1;0.911988386;0
0.951191603;0.226560854;-0.392459794;0.693152686;0.446669637;1.003945512;Ispanici;1;1.175880976;1
-0.866872758;0.542730144;0.714663784;-0.122819216;-0.591594781;-0.609510297;Ispanici;1;0.973582167;1
-1.224855698;0.788891799;1.728706323;-1.285452205;-0.937305259;-0.631026098;Bianchi;0;0.685337843;0
0.519052278;0.860060451;-1.210987864;1.682279211;-2.020345264;-1.93891104;Ispanici;0;1.421108927;1
1.293338276;-0.889657567;-0.314846141;0.902760876;0.950899134;0.651555122;Caucasici;0;1.227847823;1
-1.114065886;-1.346113203;0.62010568;0.22315572;1.340735642;1.119502063;Ispanici;0;1.059357568;1
0.810517431;-2.070837248;2.01703092;1.212046822;-0.628557269;-0.193174819;Caucasici;0;1.304527153;1
-2.69431253;0.271992335;-1.841925307;-1.366248882;0.705458071;1.512000231;Caucasici;0;0.665306428;0
0.208236731;0.894616473;-3.315827661;0.650091457;0.389616718;-0.378203764;Ispanici;0;1.165205074;1
-0.747907161;0.278560819;-0.163434032;-0.543554475;-0.017692097;-0.97044476;Bianchi;0;0.869271906;0
0.924842222;-1.014872662;-0.799605887;0.67320867;0.882296809;0.260279435;Ispanici;1;1.17093638;1
0.813352078;1.740671643;-1.170768861;-0.077594243;0.610375872;0.717910949;Caucasici;0;0.984794511;1
0.176591745;-0.399353443;0.737138489;0.62199856;-1.147288583;-1.460369671;Ispanici;0;1.158240178;1
0.759261186;1.887677707;0.389889617;1.330439077;-2.68328371;-1.600581317;Caucasici;0;1.333879404;1
-1.345380194;0.565868895;1.752631034;-0.008911788;-0.240916884;0.078918872;Bianchi;0;1.001822523;1
0.58541289;1.261059368;0.771579091;1.009817328;0.52641883;0.512101651;Bianchi;0;1.254389659;1
-1.183730988;0.250009364;-0.574387759;-1.214649595;-1.528230447;-2.311127564;Caucasici;0;0.702891491;0
0.360685351;-0.005906058;0.329988857;-0.743910501;-1.008125392;-1.673281909;Bianchi;0;0.81959889;0
1.964556639;-0.884795448;0.254217391;1.515677583;0.670642104;0.339197697;Ispanici;0;1.379804428;1
0.416227695;-0.379614411;0.153539374;0.364285507;1.427091774;0.919390848;Bianchi;1;1.094346993;1
-1.162272515;-0.135574705;1.887868693;-2.085672244;-0.366719179;-0.348415134;Caucasici;0;0.486944295;0
0.069556684;0.356027733;-0.787545836;-1.391723616;2.946657696;1.229252976;Bianchi;1;0.658990637;0
-0.106494754;-0.059101774;1.471720471;-0.218725401;0.258490691;-0.582133785;Bianchi;0;0.949804746;0
0.949669932;-0.11108266;0.248630105;0.856767009;-0.687835866;-0.133699063;Caucasici;1;1.216444851;1
0.038716955;0.190727561;0.476419753;-0.118999415;1.047284836;1.38102953;Ispanici;0;0.974529186;1
0.362375775;-0.532840233;0.258557739;0.613151847;-0.354651573;-0.048955515;Bianchi;0;1.156046868;1
1.044264327;-0.459121731;-1.403918955;0.95077371;0.424583734;0.057521759;Ispanici;1;1.239751344;1
1.717950772;-1.38511112;0.618541254;1.668786272;-1.533232705;-0.866038987;Bianchi;1;1.417763707;1
-1.150096235;0.904266947;0.81765273;0.04022292;0.280989304;0.098854591;Ispanici;1;1.014004183;1
0.682088643;0.111393723;1.54715181;-0.068680163;-0.82916797;-0.6112439;Bianchi;0;0.987004523;1
0.063570911;-0.028743518;0.840036657;-1.784182906;-1.41551404;-1.766047571;Caucasici;1;0.56169066;0
0.747248549;-0.703885498;1.197069281;0.08389649;-1.027278499;-0.937324392;Caucasici;0;1.024831899;0
0.136510797;-0.221437595;-0.361979098;-0.592901989;0.121130352;-0.206701159;Bianchi;0;0.857037486;0
0.972468303;-0.995771032;0.896793716;-0.998429429;-0.573656075;0.196590428;Caucasici;0;0.756497604;0
0.94446917;-0.976687287;-0.25907052;-0.197675799;1.223137446;1.099008763;Bianchi;0;0.955023442;1
1.629914382;-1.850073241;0.187082823;1.00717996;-1.652534544;0.07282027;Caucasici;1;1.253735793;1
0.349225519;1.117522285;1.461884871;-2.02569984;0.041763467;-0.095322246;Caucasici;1;0.501812878;0
0.550024466;0.199300033;0.825090945;-0.447120499;0.86438783;1.137573371;Ispanici;0;0.893180178;0
-1.129952093;-1.12431515;-0.834573396;0.101351141;2.373671139;2.445005701;Ispanici;0;1.029159321;1
-1.271531305;1.100256451;-0.852364856;-0.916950733;-0.465734579;-0.052696329;Bianchi;0;0.776698108;0
-1.851179799;0.609206546;-1.944298507;0.320436308;0.884478967;1.209423307;Bianchi;0;1.083475736;1
-0.517552482;0.693467006;0.045604412;0.398612541;0.055298902;0.518448355;Caucasici;0;1.10285748;1
0.159920467;-0.23494357;1.52355295;-0.049575753;-0.44612933;-0.043326379;Bianchi;1;0.99174096;0
-0.777496241;-0.455471288;0.803112835;-2.502811972;-1.040129078;-1.888008227;Bianchi;1;0.383525452;0
0.839334153;-0.09619149;-0.3625162;2.576730084;-1.234733083;-0.934121312;Bianchi;0;1.642864536;1
-0.90990954;0.337188751;-1.839871795;-0.223281481;0.316955827;-0.525146997;Caucasici;0;0.948675186;0
-0.275556228;0.774504678;-0.066896672;0.640383818;-0.943081954;-1.077191569;Bianchi;0;1.16279832;1
-1.375461161;1.664277714;-1.087401847;0.259796239;-1.443752092;-1.127616078;Caucasici;0;1.068441623;1
0.754005822;-0.474933826;-0.718663583;1.016991507;0.676165144;-0.381737493;Caucasici;0;1.256168309;1
0.504545788;-1.044832777;1.198957944;0.808244066;1.083152533;0.983002257;Bianchi;1;1.204414862;1
0.929105651;0.216436904;0.211531481;-0.22781303;-0.452896054;-0.887724979;Bianchi;0;0.947551707;0
-3.263902987;2.932369676;-1.250696736;0.365071837;1.390240511;0.14862936;Bianchi;0;1.094541943;1
0.330054701;-0.368697279;-0.825643453;-0.969589158;0.005393293;-0.17088662;Ispanici;0;0.763647792;0
1.37628337;1.326179439;-0.41729395;0.847836447;-0.163974927;0.825742402;Ispanici;0;1.214230753;1
-0.224891465;-0.262542556;-0.430484398;-0.481162269;0.929523863;0.069449411;Bianchi;0;0.884740415;0
1.41892315;-0.428024112;0.528755263;2.420749873;0.576239723;-0.136769267;Bianchi;1;1.604193338;1
-0.434215043;-0.749832948;1.348802025;-1.681138658;-0.187368678;-0.551961972;Bianchi;0;0.587237776;0
-0.005239369;-0.194829385;-1.240955315;-0.484135869;0.803567356;0.923346562;Bianchi;0;0.884003189;0
0.822783708;1.759536049;1.448670042;0.816029138;0.904044617;1.170733504;Bianchi;1;1.206344966;1
-0.331071358;0.243084086;0.971958306;0.49814176;-0.051791087;0.051692995;Ispanici;1;1.127533137;1
-0.571876131;0.464001945;-0.580880178;-0.610680621;2.859071297;3.301393383;Ispanici;1;0.85262974;0
0.227778245;0.919884484;1.292159214;-1.021391287;-1.383097495;0.030937836;Ispanici;0;0.750804814;0
-1.338946548;2.158422396;0.588641055;0.129422697;2.68041377;2.953548698;Ispanici;0;1.036118926;1
0.751191869;0.881162834;1.213524885;-0.030690162;0.74668839;-0.102690813;Bianchi;0;0.996423147;0
0.93832509;-1.309613077;-0.572658359;-1.821537011;-0.27556519;-1.538686429;Bianchi;0;0.552429691;0
-0.419439979;-0.955186473;-0.399978336;0.018577488;-0.98376933;-1.391800977;Ispanici;0;1.008637767;1
-0.209544356;-1.688148553;-0.37578402;0.175560484;-0.330803663;-0.839153448;Bianchi;0;1.047557579;0
-0.408018509;-2.850708084;-0.396166963;0.159926726;0.606447387;1.510295205;Bianchi;0;1.043681599;1
-0.78517451;1.292289494;-0.509848105;-1.080115291;1.536554241;1.734104009;Ispanici;0;0.736245739;0
0.422634236;-0.479543777;-0.591172138;0.463857762;0.320234059;0.4295096;Bianchi;0;1.11903332;1
1.426813715;0.50565298;1.991857201;1.373852145;1.274980208;0.339157125;Ispanici;1;1.344642534;1
0.292071824;1.243760322;0.189448856;0.443794259;-0.24186217;-0.504643516;Bianchi;0;1.114059101;1
0.104373807;-0.483098365;-0.069327879;-1.161361471;-0.335435778;-0.644290316;Bianchi;0;0.716102882;0
-0.041649444;-0.126558933;-0.675674352;-0.455556745;0.315701004;-0.686356625;Caucasici;1;0.891088633;0
-0.811776489;0.41255422;1.218166559;0.33273916;-0.104198002;-0.838520485;Bianchi;0;1.086525905;1
-0.911411702;0.141810877;0.53687169;-0.668727293;0.138918187;-0.508094371;Caucasici;0;0.838238592;0
-0.488959774;-0.802012311;1.105414274;-2.191978635;-0.956857706;-0.589499235;Caucasici;0;0.460588416;0
1.471267588;0.910145243;-1.005051951;0.875393115;0.136301431;0.560713926;Caucasici;1;1.221062705;1
0.193946412;0.630631609;-1.224758808;-0.852687064;0.249551302;0.802929824;Ispanici;1;0.792630597;0
-0.706256923;-0.359372797;-0.738071211;-0.594626524;0.491707741;1.635253738;Ispanici;0;0.856609932;0
0.129403963;-1.330104209;1.252749341;1.500232207;-1.737359798;-2.415031049;Bianchi;0;1.375975152;1
-0.963577496;0.574773078;-0.405563334;-0.796890994;-0.26890498;0.527799072;Caucasici;0;0.806463768;0
0.473520458;1.520823476;-1.097367804;0.836551252;-0.049697067;-0.286329757;Bianchi;1;1.211432885;1
-0.188961127;1.459700144;-0.124273483;-1.287503492;-0.868006032;-0.233197638;Caucasici;0;0.68482928;0
-0.500814435;0.853116468;0.602743564;-0.373774475;-0.521566084;-1.609394536;Ispanici;0;0.911364399;0
0.120449084;-0.502142571;1.117769994;-0.090434949;0.385889154;-0.001199317;Ispanici;1;0.981610995;0
0.807305558;-0.427270249;0.700986543;-1.194701313;-1.132923884;-0.742642879;Bianchi;0;0.707837144;0
-0.135680715;-0.602409626;-0.66594067;-0.656326942;-0.668576109;0.388900498;Bianchi;0;0.841312934;0
0.300546848;-0.40126486;0.469583516;-0.045346019;-0.828860908;-1.079939215;Bianchi;1;0.992789612;1
0.500670692;0.772123435;-0.183375682;0.660049832;3.031970814;3.475439679;Bianchi;0;1.167673992;1
-0.608903317;0.264243896;-1.240479909;-1.680632099;-0.963973249;-0.748950797;Caucasici;1;0.587363364;0
-0.056562578;-1.927098578;-0.530735255;-0.368946212;-0.108185548;-0.249978728;Bianchi;0;0.91256144;0
0.465238937;-1.901796546;-1.309538821;0.746478091;-0.954333329;-1.195774603;Bianchi;0;1.18910161;1
-0.635721383;-0.101209938;1.727334546;-0.559584387;-0.368522312;-0.292632245;Bianchi;0;0.86529771;0
-0.822045113;0.216239795;0.320045343;0.212932465;1.112260577;2.165712395;Caucasici;0;1.05682298;1
1.965391991;-2.194284132;-0.022386263;0.480087845;0.378984164;-0.355318927;Caucasici;0;1.123057142;1
-0.821779538;-0.783541803;-0.530987189;0.25381509;0.806954305;0.64155648;Ispanici;1;1.066958754;1
1.14357175;0.123795008;1.200062232;0.642465505;-1.075813173;-0.906540845;Caucasici;0;1.16331442;1
-0.759331963;1.442442127;-0.756401998;-0.139999224;2.587159996;1.567759097;Bianchi;1;0.969322835;0
0.448690322;-2.031040348;-0.262386465;-0.433403808;-0.358540103;0.501135979;Bianchi;0;0.896580872;0
-0.414400963;-1.263257774;-0.219219995;-2.68154713;-0.139778014;-0.6845087;Bianchi;0;0.339212762;0
-0.70396929;-1.204721681;-0.461554344;-0.10998229;0.865009353;0.261595314;Bianchi;0;0.976764745;1
0.383582364;0.207089339;0.157301925;0.417625218;-0.367160121;-0.354344591;Ispanici;1;1.107571174;1
0.589832897;0.400433724;-0.87461963;0.523619648;-0.893708996;0.54218435;Bianchi;1;1.13384971;1
0.599084674;-0.240919391;-0.599960421;-0.576191501;-0.200408779;-0.777225364;Ispanici;0;0.861180412;0
2.194866171;-1.491490949;0.19082846;1.77814256;1.325558623;0.493863541;Caucasici;1;1.444875727;1
-2.23769145;-0.752904209;-0.988350248;0.272560172;1.406773003;1.614084797;Bianchi;1;1.071606105;1
-0.612778731;-0.489913282;-0.24769719;0.11111077;0.35917331;1.294892688;Ispanici;1;1.031578965;1
1.154668791;-0.118163876;-0.620285419;1.266658543;0.460995035;0.336685156;Ispanici;1;1.318066695;1
-0.515936705;1.646180035;0.630542933;-0.740746;-0.046400185;0.3660218;Bianchi;0;0.820383445;0
0.574389313;-0.609124334;-1.523230604;-0.470372948;-0.31238999;0.454213752;Caucasici;0;0.887415344;0
-0.168034685;-0.031442812;0.046009143;2.401267195;1.809856625;0.928554006;Bianchi;0;1.59936312;1
-0.974662879;-0.673774273;-0.797660816;-0.005040541;-0.00438211;0.418235918;Bianchi;0;1.002782297;1
-1.402915888;-1.522757065;0.14121572;1.630985932;0.849506755;0.637387465;Caucasici;0;1.408392105;1
-0.114982658;0.6942036;0.319009006;-1.466816456;0.598321942;0.669437563;Caucasici;0;0.640373339;0
1.592967164;-0.896133445;-0.734863849;-0.208375229;-1.127508479;0.261475403;Bianchi;0;0.952370799;1
-0.464272753;2.934078425;1.611492014;0.365330113;0.476395136;0.752256724;Ispanici;0;1.094605976;1
-3.285700549;-0.129300171;-0.431724231;0.286288311;-0.397000899;0.090539914;Ispanici;1;1.075009636;1
0.274041238;0.131409885;-0.347737066;-1.030320965;1.462898082;1.041936964;Ispanici;0;0.748590935;0
-1.257978573;-0.078325829;2.711562491;0.003157633;-0.559503419;-0.395501794;Bianchi;0;1.004814819;1
-0.620803819;1.886841622;-0.322789334;-1.102706523;0.278211191;0.225659391;Caucasici;0;0.730644837;0
-1.263230003;0.4903273;2.189699532;0.702408983;0.213430493;0.06438259;Ispanici;0;1.178175831;1
0.851655657;-0.197709146;-0.611424112;1.07759669;-1.158760221;-1.040853866;Caucasici;0;1.271193772;1
-0.549124238;-1.208706994;0.491622943;-2.259883952;1.925850057;1.228950223;Caucasici;0;0.443753076;0
1.202039009;-0.996842297;0.730336648;1.229778939;-1.733886189;-1.128431912;Caucasici;0;1.308923366;1
-0.119616818;-0.791670242;0.048839077;-1.267700647;-0.279698265;1.338083904;Ispanici;0;0.689738876;0
-0.862232831;1.157973564;-1.317837748;0.442314838;-0.549584963;-1.035936241;Caucasici;0;1.113692317;1
0.779240743;-0.139645725;0.671294098;0.649166112;-1.060673805;-0.948877392;Bianchi;0;1.16497566;1
0.754797087;-0.691290216;-0.510697488;-0.21782675;-0.500251703;0.893979307;Bianchi;0;0.950027543;1
-0.165047236;0.828696337;-0.29583069;-0.666779442;0.514529761;-0.050245058;Bianchi;1;0.838721511;0
-0.980787553;1.43620052;1.210275456;0.150442585;-1.472727286;-1.811741137;Ispanici;0;1.041330255;1
0.312854983;-0.725078425;1.76639882;0.426230691;-0.135193992;1.53625591;Caucasici;1;1.109704675;1
1.769818721;-0.311558251;2.015552166;0.874437175;-1.404211509;-2.455372369;Caucasici;0;1.220825705;1
-0.825457977;0.338168043;-0.503933797;-2.085787363;-1.090916158;-0.659188089;Bianchi;0;0.486915754;0
-0.732732727;-0.036932665;0.076467572;-1.666346178;-1.468216785;-1.486790441;Ispanici;0;0.590905183;0
1.201968199;0.528609875;-1.790782132;1.426118422;-0.19238019;-0.535728473;Bianchi;0;1.357600585;1
0.930881692;1.860393432;-0.526120093;1.039130989;-0.100436107;0.121015673;Caucasici;0;1.261657212;1
0.818847607;0.022557897;-0.799496191;0.422671379;-0.021663749;-0.301442462;Caucasici;0;1.108822237;1
0.558604914;-0.242925014;-1.279539844;0.704904792;-0.881009401;-0.545745617;Caucasici;0;1.178794602;1
1.661435714;0.659520689;0.537979792;0.908592937;0.22283442;-0.131952686;Ispanici;1;1.229293729;1
-1.418811605;-0.121606621;-0.463152028;-2.699469825;1.327608596;0.299747821;Ispanici;1;0.3347693;0
1.210067586;0.761757746;-0.818410596;1.103312265;-1.136729097;-0.822416289;Bianchi;0;1.277569274;1
1.335498168;-0.04822781;-1.314172947;-0.505312091;-2.314964932;-2.04041294;Bianchi;0;0.878753101;0
-1.307303968;0.475597222;-0.713285439;0.216285219;-0.768795042;-0.892991661;Bianchi;1;1.057654208;1
0.929066695;-1.509310223;-0.375053618;-0.313892552;-0.989718364;-1.871539539;Ispanici;1;0.92621055;0
1.029718036;0.091308901;0.901963524;0.86300436;0.852277086;0.666642016;Ispanici;0;1.217991239;1
1.100342549;-0.392159018;-0.680511758;-0.367653687;2.355123137;1.899955225;Bianchi;1;0.912881888;0
-0.043875303;-1.263884084;-0.453414194;0.506583084;-0.039278479;-1.11360352;Caucasici;0;1.129625941;1
0.838654881;-0.315015165;-0.586114853;-0.410219729;-1.353853174;-0.851826473;Ispanici;0;0.902328755;0
-1.577414127;0.241138392;-0.377527466;-1.118201767;0.584948048;-0.844379676;Caucasici;0;0.726803198;0
2.196791839;0.305548927;0.241962444;1.203880904;0.345881094;0.82038516;Caucasici;0;1.302502628;1
-0.165820146;0.671353591;0.118187807;0.730841804;0.304648887;0.063147157;Bianchi;0;1.185225003;1
0.206198447;0.945463053;-0.638719751;1.722439272;1.244115022;0.519707059;Caucasici;1;1.43106556;1
-1.242241856;0.884370353;-0.127928649;0.049436639;0.810958997;0.802869508;Ispanici;0;1.016288483;1
-0.259306233;-0.422388672;0.86421331;1.118161235;0.361522669;0.279634899;Bianchi;0;1.281250686;1
0.969426133;-1.348572526;0.329437332;1.975699418;-0.318762584;0.480558963;Ispanici;1;1.493854764;1
0.36170963;-0.257159411;1.348544908;-0.300102338;-2.344112697;-1.127790383;Bianchi;0;0.929629471;0
-0.65798074;1.175047196;0.999824695;-1.350293196;-1.106104125;-0.028227385;Ispanici;0;0.669262222;0
1.7607518;0.08426567;0.185283789;-0.257618965;-1.435488733;-0.582304013;Ispanici;1;0.940162108;0
-0.678769438;-1.801751016;1.822962187;-0.232096674;-1.985317354;-1.270555236;Bianchi;0;0.94648969;0
0.20691196;0.509391455;1.714422109;0.136687834;-1.459752161;-1.135332695;Caucasici;0;1.037920126;0
1.491361107;0.415030196;-1.049942648;1.710381873;1.079550092;0.968722325;Ispanici;0;1.428076244;1
-0.385548124;-0.46146403;0.613152453;-0.345138139;-1.107669148;-1.267384188;Bianchi;0;0.918464027;0
-1.118613829;0.184099632;1.87600815;0.359865481;0.646281032;-0.373099372;Bianchi;0;1.093251164;1
1.329603327;1.587134503;0.153840167;-0.245853752;1.311514705;1.01339827;Bianchi;0;0.943078984;0
-3.126337548;1.165998067;-1.266353015;0.004359045;0.84119509;0.36047797;Ispanici;0;1.005112677;1
-1.718674007;-0.514899455;-0.613850523;0.300424833;1.233665302;0.683172498;Bianchi;0;1.078514416;1
-0.350603006;-0.078054279;-0.39509568;1.323074999;-0.540149913;0.36434974;Caucasici;0;1.332053674;1
0.996996855;-1.394191787;-1.130345529;0.106071437;-0.376022221;-0.116268139;Ispanici;0;1.030329594;0
0.007374629;-0.795673711;0.806167704;0.702549141;-1.89075036;-2.165852422;Caucasici;1;1.17821058;1
0.25938991;2.098870406;-0.680639306;0.769119721;-0.438281252;-0.576300941;Caucasici;1;1.194715007;1
-0.323990694;1.479632284;0.623518872;0.906171178;-1.663514537;-1.344465605;Ispanici;1;1.228693318;1
-0.022749566;-0.225064503;0.041301511;-0.595467792;-0.793955346;-0.345021274;Ispanici;1;0.856401362;0
1.356927424;-0.60171719;-2.151189112;1.624242722;2.254275179;2.084091171;Ispanici;1;1.406720304;1
0.457163084;-1.350813909;-0.918087419;-0.40041002;1.371057903;0.16871044;Caucasici;0;0.904760815;0
-1.917470169;1.997002264;-0.718590603;-0.122932995;0.178815204;-0.687426663;Caucasici;1;0.973553958;1
0.298061367;0.088134475;1.139766874;1.399545662;1.064439362;0.919808576;Bianchi;0;1.351012567;1
1.382545112;-0.515004021;0.820760956;1.288658378;0.445890495;0.523144916;Bianchi;0;1.323520977;1
0.862392454;1.284342106;-2.220172925;-1.115383021;-0.927774091;-0.047021247;Caucasici;0;0.727502032;0
-0.552456586;-1.195245772;1.124883715;-0.896645529;-0.521182729;-0.194865459;Ispanici;0;0.78173225;0
-0.576457333;0.736349582;-0.170365957;-1.385715324;-0.485465489;-0.112738542;Bianchi;0;0.660480235;0
-1.685336856;1.473565985;-0.841960512;0.167107156;-0.501271431;-0.038629025;Ispanici;0;1.045461798;1
-1.801055892;-0.259007586;-0.966938363;0.14995841;0.626409955;0.651114767;Ispanici;0;1.041210217;1
-2.661141493;1.36460803;-1.036618268;0.350901063;0.799936477;0.158862347;Bianchi;0;1.091028672;1
1.671183784;0.840117548;0.203624293;0.54051887;0.082982933;-0.5955059;Caucasici;0;1.138039429;1
1.42000565;-0.530735849;0.855178744;-0.623196373;1.542352229;0.864864204;Bianchi;1;0.849526788;0
-1.297857076;0.473874561;0.346371675;-1.018283324;0.264692645;-0.666786507;Bianchi;0;0.751575352;0
-0.682303188;-0.865621688;0.935512995;1.019121014;2.022887168;1.339277356;Bianchi;0;1.256696264;1
0.306751282;-0.545273141;-0.579002116;0.741088192;-1.265090525;-0.946711785;Ispanici;0;1.187765326;1
-0.201329877;0.845335732;-1.067561995;-1.538068095;1.386250417;0.778647813;Bianchi;1;0.622708366;0
0.017085936;-0.472494445;-2.064773313;-0.1122072;0.688676028;1.289508346;Bianchi;0;0.976213137;0
0.793118707;0.10019694;-0.320548126;-0.919713935;-0.38469147;1.255244353;Ispanici;0;0.776013044;0
-0.785530558;1.030999076;0.908458063;-2.10435566;0.07604784;-0.080114905;Bianchi;0;0.482312232;0
-1.897535028;-1.307294875;-0.972600473;0.135114394;0.717555429;0.723692585;Bianchi;1;1.037530033;1
0.901007567;1.777123993;-0.854031618;-0.096138004;-2.188051216;-2.103379388;Bianchi;0;0.980197073;1
-0.478630318;2.068563441;0.27802432;-0.114447624;0.414616042;0.476032397;Caucasici;0;0.975657683;1
-1.413936771;0.617706539;1.584986727;0.201699797;0.420735771;-0.077676992;Bianchi;1;1.054038135;1
0.110769917;0.424533228;-0.71195703;0.873592505;1.390520742;0.630434101;Bianchi;0;1.220616291;1
-1.114369352;-0.476594849;-1.076267148;0.191056366;0.078281651;0.14087353;Bianchi;0;1.051399376;1
-1.871941196;0.305666638;0.33433871;-0.637861161;1.35162848;1.325680106;Ispanici;1;0.845891039;0
0.598445317;-0.42460937;-0.489046469;-0.757215813;-0.328461743;-0.138110886;Ispanici;0;0.816300187;0
0.689248426;0.379430619;0.315305387;-0.149169515;0.469135812;0.765560314;Ispanici;0;0.967049302;1
-0.550498647;-0.616649199;-0.633719305;0.296350317;-0.824193203;-0.072766846;Bianchi;1;1.077504247;1
-0.606962871;0.78223965;0.158225289;-1.064650163;0.213579894;0.687882168;Ispanici;1;0.740079912;0
0.096109231;0.730812371;0.383431734;-0.202115307;-1.635744522;-1.197411444;Bianchi;0;0.953922783;1
-0.919998346;1.148781637;-0.068492577;0.959104782;0.494857137;0.638316629;Bianchi;0;1.241816815;1
-0.001455658;2.062574456;0.322748252;-0.125449821;-0.761671787;-0.356572089;Bianchi;1;0.972929977;1
-0.422979083;-0.708784074;0.627412734;-0.720532574;0.515550069;0.42646751;Ispanici;0;0.825394833;0
0.9447681;1.121090952;0.354968127;-0.294519022;-0.567508349;-0.842703211;Caucasici;0;0.931013708;0
0.189644222;-1.509881212;0.050132431;1.107720323;0.439359958;0.573437414;Bianchi;1;1.278662136;1
-1.122732483;-0.631423184;-0.163448595;0.538387416;3.136075182;3.020694269;Ispanici;0;1.13751099;1
0.361771292;0.994993356;-1.475682349;1.230769504;2.021219665;1.570634191;Caucasici;0;1.30916895;1
-0.70907587;-0.876665117;1.387044611;0.123999813;1.014963403;1.011587266;Caucasici;0;1.034774464;0
-0.447994122;0.286184151;0.239764809;0.397448046;0.394769246;-0.587536793;Bianchi;0;1.102568774;1
0.836257022;-0.817228285;-0.583413859;-0.579396681;0.251475197;0.356825148;Ispanici;1;0.860385772;0
1.794300669;-0.182027481;-1.703079815;0.594177461;-0.564149739;-0.125495687;Caucasici;1;1.151342667;1
-0.171246213;-0.044243289;-0.379874131;-0.5268368;-1.023329973;-1.952294118;Bianchi;0;0.873416614;0
0.687836988;-0.50991231;0.055679974;-1.448725067;-0.17867642;-0.207840372;Bianchi;0;0.644858624;0
-1.769960886;-2.076769483;0.346668454;0.112801922;0.723507835;-0.285378943;Bianchi;0;1.031998241;1
2.061850551;0.426468852;-0.368280156;1.945883964;-0.591259036;-0.056731113;Bianchi;0;1.486462804;1
0.253483203;0.501904365;-0.937522898;0.791358727;-0.166924391;-0.499788622;Caucasici;1;1.200228585;1
-0.051341459;0.08809846;0.224155074;1.158748962;-0.352517801;0.684664964;Ispanici;0;1.291313347;1
-0.719072547;-0.437448181;-0.120133974;0.345598057;1.57193308;1.949385956;Caucasici;1;1.089713931;1
-0.841259158;0.858942422;-0.172799364;-0.629916516;-0.14466477;1.188392368;Bianchi;0;0.847860705;0
-0.136722124;1.117564181;-0.680231688;-0.220197466;0.37770468;0.692098132;Bianchi;0;0.949439786;0
0.698508843;-2.374356951;-1.058673385;-0.291799373;0.206123227;0.08700413;Bianchi;0;0.931687973;0
0.679584367;1.267988718;-0.234427694;-0.488887871;-0.504338885;0.108574796;Ispanici;1;0.882825055;0
0.435962202;-1.833802971;0.117499216;0.693801455;0.661563758;1.189236293;Bianchi;0;1.176041821;1
-0.480729398;-0.362344541;-1.339241805;-1.223653842;1.418679417;1.312442855;Bianchi;0;0.700659124;0
0.836521225;-1.091169044;-0.120899278;0.85735865;-0.856412476;-0.558873736;Ispanici;0;1.216591533;1
1.195495599;-0.534756113;-1.520675474;0.855126466;0.432640426;0.981740195;Bianchi;0;1.216038122;1
1.003312738;1.529558996;0.103387673;-1.224923241;-1.134844617;-1.149874606;Caucasici;1;0.70034441;0
1.45668713;0.708099587;-0.565982342;0.628584541;-0.70121649;-1.159976248;Caucasici;0;1.159872999;1
1.721204326;0.609822804;1.573333115;2.434315837;1.366776299;1.626744548;Bianchi;0;1.607556663;1
-0.913514325;-2.258938373;0.153373492;-0.578144854;-0.455087102;0.069706715;Bianchi;0;0.86069613;0
1.164915211;0.307144349;0.063644061;0.835717025;-0.606385448;0.066740337;Ispanici;0;1.21122606;1
0.473201182;0.727505541;0.793137697;-0.805015383;0.657738132;1.010683931;Ispanici;1;0.804449539;0
-0.10805457;0.829406293;1.068025895;1.103750224;0.376177952;-0.165018433;Ispanici;0;1.277677855;1
-1.450395712;-1.016733833;-0.897016146;0.235653966;-1.093445999;-0.81337303;Bianchi;1;1.06245618;1
-0.653974825;0.845344409;-0.863341309;1.64948655;0.067962393;0.170494423;Ispanici;0;1.412978848;1
0.216069484;-1.393509534;1.328346572;-1.487451918;-2.022078397;-1.674443081;Caucasici;0;0.635257318;0
-0.195324411;1.79117969;-0.378254228;-0.067990414;0.634079051;-0.441243986;Bianchi;0;0.987175528;1
-1.015585011;-0.949000965;1.143943903;-0.54760088;0.370485469;-0.125081899;Bianchi;1;0.868268706;0
-1.171280805;0.65106406;1.083060813;-0.215179808;-1.441161329;-1.409022963;Ispanici;0;0.950683783;0
0.033877193;0.359343;-0.478319846;-0.651114127;1.014815876;0.215716035;Caucasici;0;0.842605314;0
-0.516575245;-1.150708831;0.721509265;-0.857089596;-2.208469262;-0.697991361;Ispanici;0;0.791539105;0
-0.20873344;1.15305919;-0.941902573;0.567305998;1.462543244;1.14476176;Caucasici;0;1.144680594;1
0.654282525;0.147597609;0.003903856;-1.11295167;-0.450852487;-0.248382657;Ispanici;1;0.728104821;0
0.090640933;0.811280581;-0.488953477;1.480196129;0.210825136;-1.059441341;Ispanici;0;1.371007733;1
-0.057194623;0.253955002;0.560667947;-1.212403491;-1.094094155;0.272865627;Bianchi;0;0.703448354;0
-0.847643106;0.957711967;1.182249286;0.085662716;-0.435333401;-0.020504398;Bianchi;0;1.025269788;1
-0.581227551;-0.060119286;-0.863929146;0.521189915;0.390400109;0.072014541;Caucasici;0;1.133247322;1
1.066276194;1.265275635;-0.193732068;0.575386068;0.062953887;0.247623092;Ispanici;0;1.146683835;1
0.943990712;-0.251367814;0.278835475;-0.320536594;0.158361263;-0.362170449;Caucasici;0;0.924563334;0
1.093993759;0.672376262;-0.026513611;0.063904861;0.823373184;-0.295561624;Caucasici;0;1.019875499;0
-0.03065199;0.36562659;-1.27114578;0.9530514;1.229724328;0.678832676;Bianchi;1;1.240316038;1
-1.516662691;0.741685987;0.733535588;-1.484926129;1.91289218;1.65701588;Bianchi;1;0.635883521;0
0.592131661;-0.561048486;0.784286348;-0.804549379;-2.199885639;-1.891348205;Bianchi;1;0.804565072;0
-0.654590296;0.258064333;0.655736575;0.306822617;-0.344883727;-0.103108429;Bianchi;0;1.080100579;1
2.336801273;-0.333242717;1.611862983;-0.464769768;1.062642977;1.010830105;Ispanici;1;0.888804505;0
1.677232432;1.09976206;-0.769716554;1.365214265;-0.750984351;-1.146462138;Caucasici;0;1.342500998;1
0.200439236;-0.666551796;-0.148468078;0.662629148;0.340919134;1.198936589;Caucasici;0;1.168313466;1
-2.450301931;1.683788753;-0.163128537;0.056508188;0.348047677;-0.347612564;Bianchi;1;1.018041688;1
0.045310022;0.879036969;0.084990384;-1.536647074;0.256085288;0.739834622;Caucasici;0;0.623060671;0
0.361957531;0.190417078;0.547330656;0.010055874;1.803163153;1.504134347;Bianchi;0;1.006525056;1
-1.026759208;1.134621353;0.857587462;-0.335328646;0.339340069;0.930615417;Ispanici;0;0.920896033;0
-0.476643751;-0.136177946;-0.801635956;-0.119466552;0.267558801;1.246546582;Bianchi;0;0.974413372;0
1.19872505;0.752429568;1.454578027;-1.207717213;-1.472598009;-2.17449464;Bianchi;0;0.704610193;0
1.628605385;0.725120153;-0.394021904;0.486571163;-1.258551301;-1.239999942;Caucasici;0;1.124664511;1
0.013526407;0.467697864;0.827075624;-1.063920189;1.851301211;0.611486013;Ispanici;1;0.74026089;0
-0.991631322;-0.732227009;-0.237546845;-0.244379424;-0.885086561;-0.877774299;Ispanici;0;0.943444505;0
-1.176314974;-1.295931939;0.775651984;0.368357179;-0.589344549;-0.519127011;Ispanici;0;1.095356457;1
1.343542309;-1.575291004;0.560385611;-0.806340331;0.907877073;1.415696908;Bianchi;0;0.804121053;0
2.026839148;-0.24325693;-1.710354462;0.571610781;-0.59500205;0.149464644;Bianchi;0;1.145747851;1
-0.427213288;0.711543647;-0.619821098;-1.343798546;0.660473417;0.076673763;Caucasici;0;0.6708724;0
-0.890210825;-0.27896664;2.166404114;-2.849568277;-0.998350204;-0.212220703;Bianchi;0;0.29755633;0
0.881008522;-1.169934346;-0.083142846;0.45259897;-0.663075924;-1.565392394;Bianchi;0;1.116241998;1
0.094105306;2.219397316;0.489542287;0.831316061;-0.483496271;-1.848389802;Ispanici;0;1.210134957;1
-0.65275707;0.64894534;1.167794028;-0.304502187;-1.46390047;-0.183802121;Bianchi;1;0.928538644;0
0.332390706;2.047833835;-0.165717456;0.492085168;-0.160505688;0.387235422;Bianchi;0;1.126031564;1
0.632298151;1.377944105;-0.086661912;-1.181859764;-1.480934609;-1.285314712;Bianchi;1;0.711020869;0
0.366210517;-0.597004945;0.367417358;-0.144476352;-1.795926034;-1.773908572;Ispanici;0;0.968212848;1
0.035701958;-0.338648505;-1.911743786;-1.974040697;1.203866268;1.306573442;Bianchi;0;0.514620406;0
1.325744478;-1.41527605;2.269202625;1.174809849;-0.153790236;0.539535639;Caucasici;0;1.295295223;1
0.888872727;0.813838253;-0.788129634;1.859223894;-0.432464977;0.514977411;Caucasici;0;1.464977715;1
0.003894181;1.646633876;0.328312394;1.066743726;1.732917578;0.947374334;Caucasici;0;1.268503065;1
1.308154823;-0.801356302;-0.608164711;-0.043838916;1.186775644;0.585596757;Bianchi;1;0.993163258;1
0.721641147;-1.175515676;0.491706082;-0.0498724;-0.368838032;-1.023197405;Bianchi;0;0.991667414;1
-0.80583533;0.869330751;0.630232855;-1.545026975;0.738910152;1.281800627;Bianchi;0;0.620983094;0
1.471740266;-1.457317205;1.736050025;0.780741555;0.433071299;-1.246143063;Bianchi;0;1.197596336;1
0.440314788;2.056062626;0.249499963;-0.22876192;-0.244622178;-0.446254194;Caucasici;1;0.947316455;0
-0.401840454;0.594046062;-2.412937352;-0.678505798;1.194332339;0.364367803;Bianchi;0;0.835814269;0
-1.964437191;-1.962254941;-0.93816095;-1.440113838;0.482801503;0.312655718;Caucasici;0;0.646993552;0
1.161966157;0.531098542;-1.61745936;-0.31853581;1.495470824;0.619808506;Ispanici;0;0.925059376;0
-0.734636277;0.058837278;-0.864140193;-0.872434591;0.046983845;0.908994201;Caucasici;0;0.787734716;0
0.330319243;-2.511765379;-1.091240611;-0.416618412;-0.440398258;-0.777196937;Bianchi;1;0.90074237;0
1.032392613;0.127486905;-0.852167195;-1.2440598;-0.875675387;-1.254553365;Bianchi;0;0.695600003;0
-0.640207742;-0.748116271;-0.428779039;1.685459397;-1.799626794;-1.133650156;Caucasici;1;1.421897371;1
-0.38030415;-0.979401108;0.619005682;-0.032399471;1.034382723;0.605535897;Caucasici;1;0.995999368;1
-0.04991972;0.194238786;0.56988683;1.067684355;0.608728259;-0.431496884;Ispanici;0;1.268736269;1
-1.672654591;0.762719241;1.627559993;-2.639750728;0.755299332;0.444266518;Bianchi;1;0.349575082;0
0.509642306;1.872307463;0.047820327;-0.473256099;1.397764307;1.213770215;Bianchi;0;0.886700542;0
1.56186951;-2.529801159;-0.848680205;-0.697402099;-0.707958497;-0.638874829;Bianchi;0;0.831129427;0
-0.0434507;0.820628218;-0.97997684;-1.249430596;0.985169774;0.955927207;Caucasici;0;0.694268455;0
0.574317887;-0.984032584;-0.052162814;1.543298418;0.379635203;-0.613403512;Bianchi;1;1.386652289;1
-0.78485121;1.153857175;0.584438929;-1.443397234;0.656620295;0.64835923;Bianchi;0;0.64617952;0
-1.962059201;0.319454609;-3.216931002;0.304793714;-0.286574082;0.066627485;Bianchi;0;1.079597565;1
-0.353638675;1.437004753;-0.687568585;0.8372619;0.172526971;-0.818754265;Caucasici;1;1.211609071;1
0.886658479;-1.436716017;-1.364905739;0.163419525;0.207116014;0.980072498;Bianchi;0;1.044547547;0
0.562095574;0.605881874;0.376503507;-0.8988483;0.202660286;0.754759426;Bianchi;1;0.781186131;0
0.079584466;0.278325944;0.079652327;0.93278474;-1.562981189;-0.834726721;Ispanici;1;1.235291452;1
-1.24149627;1.112178174;-0.402250402;0.155753755;0.275709423;0.06954302;Bianchi;0;1.04264702;1
-2.055974275;-0.432137433;-1.61840029;-1.088667179;1.829448989;2.553071992;Caucasici;0;0.734125523;0
-0.405647739;1.187264237;0.350548538;-1.415936298;-0.032346772;-0.719886039;Caucasici;1;0.652987738;0
0.206968815;-0.51028888;-0.803378364;2.087929875;0.067409436;-0.134673592;Bianchi;1;1.521679359;1
1.15120503;-0.312765841;2.116801531;-0.700448251;1.818204849;1.43321968;Bianchi;1;0.830374214;0
0.60713136;0.155854625;0.544452518;-1.887374207;-1.503869909;-1.079972292;Bianchi;1;0.536107087;0
-0.952646278;-1.263868097;1.321688141;0.521462253;2.846765313;2.409751984;Bianchi;1;1.133314841;1
-0.416941082;-0.35664602;-1.060636709;0.296565373;-0.864322424;-0.634243333;Bianchi;0;1.077557564;1
-0.898641041;1.093873204;0.204935785;-1.381435052;0.039166744;-0.489471685;Ispanici;1;0.661541416;0
-0.880490651;1.679737706;0.428692113;-1.975490777;0.649805971;-0.007211436;Bianchi;0;0.514260897;0
0.484212772;1.232674976;-1.313923479;-0.133539431;0.031293547;1.107162411;Caucasici;1;0.970924371;0
1.107802301;-0.34593781;-1.063518958;1.132675321;2.596727891;3.265474334;Ispanici;1;1.284849073;1
-0.226242604;0.268661553;0.931475228;0.625188373;0.235732263;0.515350451;Bianchi;0;1.159031009;1
0.251612898;0.150404504;-0.381708527;-0.513328495;0.42986312;0.651449945;Ispanici;0;0.876765644;0
0.014389541;-1.297288357;1.258732619;-0.857437133;-1.457940391;-1.339945385;Bianchi;0;0.791452942;0
-0.209398201;0.397003738;0.513116261;0.257073896;-0.731471731;0.174393263;Bianchi;0;1.067766689;1
-0.896918674;-0.958273287;-1.559030006;0.142408185;-1.897576477;-2.325960525;Ispanici;1;1.039338337;0
1.180526945;-0.978072672;-1.394175234;0.618722385;-0.900615075;-0.225036317;Caucasici;0;1.157427937;1
0.900224686;0.884054;-1.056334371;-0.41537552;2.648199298;1.49071837;Bianchi;0;0.901050512;0
-1.313849612;-0.935728792;0.607492227;0.890622831;-0.494478866;-0.165328565;Caucasici;0;1.224838513;1
0.664935389;-0.065228679;1.905462912;-0.85403215;-0.255585412;-0.025158655;Ispanici;0;0.792297118;0
0.174833907;-0.998658318;1.206491623;-0.349575801;-0.031045005;0.071275182;Bianchi;0;0.917363825;0
0.431178155;0.088024062;-0.901371247;0.7307556;-0.130033274;-0.091426026;Bianchi;0;1.185203631;1
0.213139565;0.495240477;0.3298422;0.98199927;0.404612598;0.131747515;Bianchi;0;1.247492902;1
0.225120318;0.5939525;2.183945502;-1.971001784;-0.797325993;-1.478532108;Bianchi;0;0.515373825;0
-0.208784166;-0.982930612;0.220519357;0.091825151;-1.004696778;-0.447574447;Caucasici;0;1.026797602;1
0.429970613;1.350306285;-1.354668667;0.597614347;-0.116228874;-0.309372047;Caucasici;0;1.152194753;1
-0.736187529;1.524084335;-0.595244863;-1.47923728;-0.20762485;0.60239918;Ispanici;0;0.637293922;0
0.013080854;0.36008126;0.855448056;0.468387705;0.448569811;0.239053505;Bianchi;1;1.1201564;1
-0.050873965;0.167883406;1.573162852;-0.851372808;0.047102907;-0.726718618;Caucasici;0;0.792956432;0
0.404914654;0.078702445;0.860686056;1.012534267;-0.142374294;0.881647121;Bianchi;0;1.255063253;1
0.473645562;0.300991394;0.007861524;0.52672866;1.097637392;1.257768599;Ispanici;0;1.134620508;1
-0.360556239;0.326856355;-0.837506232;0.759229851;-1.723588666;-1.245467207;Caucasici;0;1.192263074;1
0.843445496;0.213539769;1.963411001;0.105467372;0.941032254;0.215056106;Ispanici;1;1.030179832;0
-0.546848648;0.59195304;-0.971339551;0.854618193;-0.774992119;-0.716106599;Caucasici;0;1.215912109;1
-0.433355583;-0.455307512;0.036652983;1.37581282;-0.253549089;-0.575844932;Bianchi;0;1.345128632;1
0.690662432;1.189111065;-0.522261264;1.966451576;-0.796242887;0.45318725;Caucasici;0;1.491562004;1
0.683950898;0.021185722;1.679473277;-0.044895781;-0.064132718;0.874381566;Ispanici;1;0.992901236;1
0.814598952;-1.663403028;0.702325163;-2.284148867;0.015031249;0.412439233;Caucasici;0;0.437737227;0
-0.606163901;-0.013121781;0.485997789;0.015527091;-0.078612677;-0.502738834;Bianchi;0;1.007881501;1
-1.21201391;0.494313216;-0.991830947;0.191019766;0.36464911;1.161793157;Ispanici;0;1.051390302;1
0.312656242;1.330971696;-0.976264249;-0.172909228;0.444016467;1.063838566;Bianchi;1;0.961163663;0
-0.425760987;-0.007840439;-0.388863241;0.556784866;0.122771209;-0.957679189;Ispanici;0;1.142072155;1
-0.024155446;-2.049163684;-1.546783055;1.002879033;-0.418910389;0.345979323;Bianchi;0;1.252669491;1
-0.84465706;-0.085532993;0.552531206;-0.538583243;-1.408818064;-1.126074685;Ispanici;0;0.870504392;0
0.366995686;-1.189674132;-0.960777223;-0.31282118;1.34559909;1.49767992;Caucasici;0;0.926476168;0
-0.36425818;-0.906980338;0.077654013;0.384911038;-1.133878133;0.303762863;Bianchi;1;1.099460552;1
1.063016492;-0.934656723;0.703006301;-0.571094561;0.332629436;1.099236851;Ispanici;1;0.862444065;0
1.513567717;-0.652247667;-0.872474367;0.075768779;0.671486393;0.419596447;Bianchi;1;1.022816846;0
-0.53103258;1.203558204;-1.325808963;-1.994398996;-0.604061797;-0.075360974;Caucasici;0;0.5095731;0
-0.099518226;-0.833033351;-0.827777103;-1.145541335;0.405651259;0.78239523;Bianchi;1;0.72002507;0
-0.553017921;-0.48436572;0.546581003;-1.355137793;-0.738857064;-1.070558816;Caucasici;0;0.668061131;0
0.147216701;0.231154256;0.507344737;-0.877035362;0.863037753;-1.402060696;Bianchi;0;0.786594076;0
-0.387145929;0.917410324;-1.322417281;-0.715373588;-0.202013127;-0.598922804;Ispanici;0;0.826673868;0
-1.246660773;-0.684128788;-0.307387428;0.369243856;0.245185535;0.295570827;Caucasici;1;1.095576286;1
0.121026022;-0.878070707;-0.779567042;0.974074851;-0.725159128;-0.380723775;Bianchi;0;1.245528251;1
-0.632309015;-0.596617798;0.377515115;-0.749737987;-0.542372847;-0.432402787;Caucasici;0;0.818154118;0
-0.676287043;-1.256214766;-1.206893955;-1.021450015;0.653780379;0.952498645;Ispanici;1;0.750790254;0
0.882715646;1.088283315;0.843064404;-1.06667549;-1.274591099;-0.468560453;Bianchi;0;0.739577785;0
0.766274403;-2.166447998;-0.577301381;-0.434323661;0.866304832;1.005851895;Ispanici;0;0.896352818;0
0.009393839;-0.552924903;0.851403596;-0.257293765;0.061047049;-0.741084373;Bianchi;0;0.940242733;0
-0.293570217;-1.583950713;2.481038297;0.471404695;0.144279077;-0.224570538;Caucasici;0;1.120904383;1
0.866877324;-1.943614842;1.372148329;-0.340278731;-0.509372782;-0.793755882;Bianchi;1;0.919668789;0
-0.827465492;0.004575408;-0.0929309;-2.112158662;0.050191442;-0.394222029;Bianchi;0;0.480377683;0
-0.335678818;1.571818183;-0.832404646;-0.108462929;0.236378121;-1.130193161;Bianchi;0;0.977141431;1
0.169011538;1.658354243;1.776580402;1.180866065;0.047752534;0.47924937;Caucasici;0;1.296796703;1
1.432771724;-0.477683675;1.281492305;1.185317492;0.523315529;1.214211283;Bianchi;0;1.297900317;1
-0.062534943;-0.691217833;-1.705580655;-0.811833379;0.721279854;0.31471437;Ispanici;0;0.802759195;0
-0.226777054;-0.54044422;0.471800322;-1.577001444;1.166557233;1.743520509;Bianchi;0;0.613055864;0
2.595384931;0.958632782;-0.458796468;2.462382773;-1.087469444;-1.60707248;Caucasici;0;1.614515123;1
1.688764004;-2.474343084;0.563944811;-0.180045087;-0.381722636;-0.719132296;Bianchi;0;0.959394514;1
0.251916065;0.284123244;0.337780389;-0.114530293;0.105265606;0.556858968;Ispanici;1;0.975637187;1
-0.131910319;-0.45682446;-0.044349885;0.407833389;0.305682359;0.665374891;Bianchi;1;1.105143547;1
0.82015875;-0.624207348;0.031201516;-1.643819281;0.664256038;0.358438782;Caucasici;1;0.596490136;0
-0.221867264;-2.096982268;0.23277358;-0.750580566;1.900382309;1.776018132;Ispanici;1;0.817945222;0
-0.202234559;-0.19173256;0.507353509;-1.569605885;1.071957424;1.706750251;Bianchi;0;0.614889399;0
1.339517224;-1.571237194;3.060716182;-0.715161917;-0.527851206;-1.426927909;Ispanici;0;0.826726346;0
-1.687762637;-0.032071216;-1.808692618;0.103581817;0.135720137;-0.38553255;Caucasici;1;1.029712358;1
-0.424759821;-0.919195255;-1.731210908;-1.392401249;-1.948874638;-1.399847233;Bianchi;0;0.658822636;0
0.823927705;0.108592385;1.132590102;0.578660603;-0.88309332;-0.997808754;Ispanici;0;1.14749567;1
-1.146073669;0.501103602;0.208555175;0.275504232;0.51600373;0.279860975;Ispanici;0;1.072336007;1
-0.251861643;-0.512047279;-1.320039748;-0.928050372;1.043559872;0.382376853;Bianchi;0;0.773946244;0
-1.173341105;-1.033872921;-0.946666552;0.211957388;-1.017853153;-0.747234786;Caucasici;0;1.056581236;1
0.678968003;-0.575531951;-1.222311519;0.738083094;0.625674405;0.333083218;Caucasici;1;1.187020291;1
1.162218323;-0.612091234;1.103536341;1.053718545;-0.599916902;-0.695131371;Caucasici;0;1.265273813;1
1.29914597;-1.372835514;-2.510515721;-0.230893722;-0.471732316;0.282271041;Caucasici;1;0.94678793;0
0.152431868;-0.808185554;1.164658107;-0.110683892;0.271116137;0.14501666;Caucasici;0;0.976590802;1
1.194637792;-0.053792744;-0.704634374;-0.103703259;-0.806590768;-0.250903168;Ispanici;0;0.978321466;1
-0.440061642;-0.337107775;-0.097863929;1.437270455;-0.035482111;-0.928178989;Caucasici;0;1.360365439;1
0.012918199;0.295845793;0.44190057;1.118230961;0.737560982;-0.434231827;Bianchi;1;1.281267973;1
-0.865979592;1.205834886;0.41783886;0.825126396;0.245727941;0.523171878;Caucasici;1;1.208600392;1
0.372750145;0.387706435;1.023956124;-0.306010087;-1.072773789;-0.460802852;Bianchi;1;0.9281648;0
-1.308426949;1.555094425;-1.565053929;0.360104242;0.102310435;-0.293564054;Bianchi;0;1.093310359;1
-0.571424322;-0.760712698;-0.046597148;0.390404786;-0.663218605;-1.037086805;Caucasici;1;1.100822583;1
-0.422123748;1.394067309;-0.214675871;-1.066659795;-0.864327246;-0.400980666;Caucasici;1;0.739581676;0
-1.189685182;0.538498756;-0.165565831;-1.75904126;0.301853923;0.006931221;Bianchi;0;0.567923871;0
1.122951575;-1.140819483;0.413634405;0.630942151;0.135516109;-0.697337556;Ispanici;0;1.160457507;1
-1.462435332;0.285860291;1.165214062;-1.558380786;0.237259524;-0.35095816;Ispanici;0;0.617672367;0
1.171386446;-1.153342674;-0.209236901;-0.014565141;-0.737918074;-1.067935532;Bianchi;0;1.000420922;0
-1.252222592;0.976842118;2.115637656;0.23608061;1.589425543;0.779570271;Bianchi;0;1.062561955;1
-0.160023159;-0.620789201;1.447033364;0.55232661;1.343169608;2.24096462;Bianchi;1;1.140966848;1
-1.098328865;-0.225616898;1.108141588;0.174749672;-0.64408454;-0.392372445;Bianchi;0;1.047356559;1
0.0461865;-0.691667389;1.110401891;-0.755254075;-0.085907759;0.499104491;Bianchi;1;0.816786548;0
0.435102928;-0.875656908;-0.064103412;0.978363324;0.390023272;1.614162491;Ispanici;1;1.246591465;1
-0.97545519;1.608232618;-1.541113225;1.736931155;-0.861315321;-0.351297808;Caucasici;0;1.434658442;1
-0.081110053;0.972328141;1.542863488;0.872295377;-1.143796034;-0.355662036;Ispanici;0;1.220294702;1
-0.719527293;0.689401254;-0.387462375;-1.976191081;0.781846644;0.678671569;Caucasici;1;0.514087275;0
-0.605912315;-0.040434234;-0.848867357;1.395034111;-1.424910203;-0.918668355;Bianchi;1;1.349894046;1
0.338763597;0.795020547;1.022109384;-0.072788321;0.723894545;-0.141931576;Bianchi;1;0.985986013;1
1.286009559;0.817769876;0.094351841;0.513047283;-0.771366118;-0.520187247;Ispanici;0;1.13122857;1
0.547250738;1.717689796;-0.773661122;0.61097957;-1.738445772;-0.933767093;Caucasici;0;1.155508309;1
-0.622245902;0.809102358;0.295119352;-0.113758708;-0.858117618;0.454098295;Bianchi;0;0.975828482;1
-0.248266237;-0.24802067;0.260628255;-0.092156425;-0.241371372;-0.106374151;Bianchi;1;0.981184201;1
0.191814501;-0.239279159;-0.262719926;1.011429146;1.337415142;2.20070953;Bianchi;0;1.254789267;1
1.025564361;-0.397363119;0.101496586;0.701298356;-1.597873187;-2.809731805;Caucasici;0;1.177900481;1
0.626725075;-0.350939001;0.59238728;0.982292341;1.496368907;0.675771866;Caucasici;0;1.247565562;1
0.28156357;-0.305388473;0.179345282;2.386619763;-0.609371793;-0.788635857;Caucasici;1;1.595731674;1
-1.222986722;1.121319157;-1.822740956;0.653717134;-0.361672094;-0.253684525;Bianchi;1;1.166103966;1
-0.248569461;-2.286423741;-0.823239303;0.192854956;-0.752839528;-1.056019638;Bianchi;0;1.051845289;1
-1.021086767;-0.785759907;0.947892273;-2.245409152;0.999775233;0.609498388;Bianchi;0;0.447341722;0
1.569150349;-0.06775913;1.275047817;2.697993033;1.881704376;1.385648544;Bianchi;0;1.672928501;1
0.472161255;-1.27222387;0.398591434;-0.502981965;-0.127440054;0.521610306;Bianchi;0;0.879330795;0
0.989604049;1.727934678;-1.273984698;2.378359178;-1.29871152;-0.878325993;Bianchi;1;1.593683679;1
-0.246501806;-0.115306078;-0.247816481;0.361518119;1.447784349;1.64534202;Ispanici;0;1.093660892;1
-0.083086772;-1.241140238;0.736842181;1.535050968;-1.102667879;-0.130203048;Bianchi;1;1.38460755;1
1.119462704;-0.78823206;-0.831723118;-0.126892028;0.182021669;0.210744241;Bianchi;0;0.97257242;0
0.704026336;0.968278723;0.174150862;0.499491175;-0.5841802;-0.016335355;Ispanici;1;1.127867689;1
-1.78031197;1.886595565;1.151999135;0.199486857;0.278734985;-0.184045218;Bianchi;0;1.053489495;1
0.13335593;-0.106499955;-0.414715173;-0.203942311;-0.254251635;0.113504141;Ispanici;1;0.953469825;1
0.398618089;0.174517993;-1.467480898;-0.137665002;-1.1853699;-0.997204231;Bianchi;1;0.969901544;0
1.235472089;-0.87913574;-0.388247104;1.005053463;0.803465885;1.184743723;Ispanici;1;1.253208584;1
-1.520600464;1.197757802;-0.148102282;-0.219408203;-0.090982715;0.678831548;Bianchi;1;0.949635463;0
0.604879046;0.887392039;0.692013678;-2.071010149;0.191278511;0.110790091;Bianchi;1;0.490579376;0
-0.415320625;-2.468023358;-0.520894034;-0.213792668;2.024691179;0.975322809;Bianchi;1;0.951027688;1
-0.984828769;-0.823671994;1.102371311;0.528048192;-0.736984536;-1.189430613;Ispanici;0;1.134947651;1
1.349225332;-0.128330802;1.67936774;0.605355341;0.464303844;1.117069373;Bianchi;1;1.154113929;1
-0.494201944;-1.24037796;0.084995794;0.605468381;1.352182816;0.242534667;Bianchi;1;1.154141954;1
-0.40719277;-0.276191221;0.076320426;-1.722535081;1.491307906;0.533671498;Ispanici;0;0.57697462;0
-2.106475486;-1.250829591;-2.300336381;0.355567186;-0.335188628;-0.423255662;Bianchi;0;1.092185515;1
-0.865469684;0.220418243;1.246751326;0.959701689;-0.65828694;-0.749533118;Ispanici;0;1.241964803;1
0.165394657;0.320672968;-0.127210396;1.271006555;-1.132160998;-0.512765571;Bianchi;1;1.31914467;1
0.379519525;0.902320625;-0.755281128;-0.243108156;0.921428847;1.067598143;Ispanici;0;0.943759682;0
0.167909025;0.472174721;-0.998468236;-0.34085123;0.620928402;1.122520325;Caucasici;0;0.919526853;0
-0.219874203;1.577308111;0.052680137;1.484034911;1.13796283;1.58611048;Ispanici;1;1.371959458;1
-0.147805737;-0.371450567;0.778193013;-1.698159164;-0.453733182;-0.029263429;Caucasici;1;0.583017989;0
0.541252291;-2.169501659;0.107212097;-0.456751172;-1.118458144;-0.722704112;Caucasici;1;0.890792506;0
0.161271213;0.045055012;-1.879111873;0.4450302;2.043749835;1.502529316;Bianchi;0;1.11436552;1
-0.829769556;0.638653567;-0.436055257;-1.647584862;-0.793664849;-1.519261374;Ispanici;0;0.595556559;0
-0.599955955;-0.352145138;2.066946301;0.265706697;-0.637417327;-0.125950025;Caucasici;0;1.069906966;1
-0.520702087;1.341089637;-1.367761853;1.877327404;1.845574144;0.633290673;Ispanici;0;1.469466005;1
0.190806465;1.165078126;-0.49326547;-0.02035759;0.662039247;-1.13132086;Caucasici;1;0.998984837;1
-0.263304886;0.534613104;0.075308493;-0.297048889;-1.296253217;-1.526777731;Ispanici;1;0.930386494;0
0.08451012;0.061086215;0.059750845;0.462625968;0.421867617;0.520987322;Bianchi;0;1.118727929;1
0.827966535;-0.472712476;0.190412857;-0.297672212;1.567026797;1.65176601;Caucasici;0;0.930231957;0
0.153511359;-0.197328415;-0.212042875;0.803949326;-1.044001367;-0.681465246;Ispanici;1;1.203350094;1
-0.345006847;0.406065928;0.541097548;0.895746797;-1.229475018;-0.653171959;Caucasici;1;1.226108866;1
-2.441988388;0.891254487;-0.232298651;-0.013548727;-1.315221753;-0.908061911;Ispanici;0;1.000672915;1
0.529698157;-0.217341546;0.964490599;-1.202809384;1.353505582;1.515668168;Bianchi;0;0.705826961;0
-1.841414163;-0.930944258;-0.156170731;-1.345523195;-0.50880514;-0.675340218;Ispanici;0;0.670444818;0
-0.997513319;2.491124498;-1.054173862;-0.614226396;-0.814398755;-0.804503237;Ispanici;0;0.851750659;0
0.428761645;0.563270975;-0.46226879;0.787795293;0.683690605;-0.772977853;Caucasici;0;1.199345125;1
-1.322083221;-1.020577025;-0.981786411;-1.99086724;0.179405964;-0.556142737;Bianchi;0;0.510448706;0
-0.491210839;0.965095138;1.122475;-1.91838526;-0.918325835;-0.564568193;Bianchi;1;0.52841871;0
0.516401743;0.145281507;-0.012209436;-0.675517883;0.387387486;0.638330796;Caucasici;0;0.836555044;0
-2.800248272;0.691313348;-0.569277688;0.381434807;1.078919962;0.332636318;Bianchi;1;1.098598712;1
-0.673786311;-0.007796242;1.099830195;-0.937479705;-0.349459343;0.507523189;Bianchi;0;0.771608488;0
1.735281908;0.123890817;-1.508753192;0.877912253;-0.758760456;-0.597263323;Caucasici;0;1.221687259;1
-1.583001608;0.052893702;1.066951407;0.319898872;0.996806598;0.755663163;Bianchi;0;1.083342493;1
-0.704284487;0.350695046;-0.120883967;-0.188331582;-2.419083319;-3.008872284;Caucasici;0;0.957340095;0
-0.063467096;-0.67568435;-0.108319157;0.809422544;0.91769613;1.159081536;Bianchi;0;1.204707034;1
-1.312273396;-0.682667197;-0.078446139;0.375354626;0.388589282;0.231596861;Ispanici;0;1.097091291;1
0.287404466;-0.148915915;0.250466769;-0.465932473;-0.169867553;-0.372839097;Caucasici;0;0.888516243;0
-1.802437172;0.130141159;-0.403567327;0.216787494;0.520853305;0.507199334;Bianchi;0;1.057778734;1
0.739498188;-0.281807753;1.063342767;0.636673077;-1.340946316;-1.189638539;Bianchi;0;1.161878339;1
-0.554365767;0.406853884;1.319068517;0.343004136;-1.069313076;-0.599383692;Bianchi;0;1.089070836;1
0.604117437;-1.06414316;0.690355249;-0.679783694;-0.199000746;0.141637736;Bianchi;1;0.835497448;0
1.418577163;-1.359706151;0.098833189;0.84610123;-2.27224403;-1.528002;Caucasici;0;1.213800551;1
-0.630189203;1.864576561;-1.202647891;1.146328646;-0.361115303;-0.007622049;Caucasici;0;1.288234056;1
-1.492244513;0.413060282;-1.530185589;0.262325309;-0.177717734;-0.003937786;Bianchi;0;1.069068639;1
-0.613690358;-0.320019461;-0.274362007;0.129048548;-0.687086229;-0.245966029;Caucasici;0;1.036026166;1
0.270674889;-0.257377076;-0.335877039;-0.092521339;-0.915981128;-1.26020727;Ispanici;0;0.98109373;1
0.871512892;0.836211404;0.283368778;2.163253855;0.546616429;1.19866324;Bianchi;0;1.540353962;1
-1.072491008;-0.18719951;-0.005534295;0.262366627;-2.366767188;-1.450674702;Bianchi;0;1.069078883;1
0.384980791;0.232664793;1.433146593;-0.175882604;-1.020866327;-1.444124685;Bianchi;1;0.960426493;1
-0.532692023;-0.249258687;-0.245097362;-2.545183477;-1.049914651;-0.549318914;Bianchi;0;0.373020549;0
-0.948939653;-0.587757069;0.572480586;-1.594653264;1.283796268;1.580355192;Caucasici;0;0.608679559;0
0.149361035;0.64731981;-0.28941368;-0.094586611;0.585773995;0.1383534;Bianchi;1;0.9805817;1
-1.539863324;0.122749162;0.384724713;0.19175874;-0.429380074;0.292373487;Caucasici;1;1.051573511;1
-0.305641493;1.472053437;0.697334813;0.262928218;-0.405516671;-0.183365787;Caucasici;0;1.069218115;1
0.352038167;-1.167640514;0.259070343;0.81212362;0.457425217;0.302533553;Ispanici;1;1.205376695;1
0.33984983;-0.101894507;0.405447783;-0.212041283;-0.507401334;0.666215587;Bianchi;1;0.951461898;1
-0.991181055;-0.371773292;-1.042032089;1.208497529;1.741959171;0.737668002;Bianchi;1;1.303647199;1
-0.332877191;-1.128316265;-0.165145175;-0.945496278;1.1925167;1.4017909;Bianchi;0;0.769620989;0
-1.083058208;0.956119337;-0.386289106;-1.234825844;-0.455760135;-0.745551054;Bianchi;0;0.69788932;0
0.931897464;0.025541501;1.271022697;-1.255541344;-0.001744061;-0.125983827;Caucasici;0;0.692753456;0
0.535940762;-1.396460022;-1.440421569;0.732250516;0.307680797;0.44546073;Bianchi;1;1.185574256;1
0.434830572;-0.56540353;-0.115785073;-0.099877292;-0.412937813;0.858044281;Ispanici;1;0.979270014;1
1.038648301;-1.071084819;0.890135307;0.780169381;1.033618999;-0.302261618;Ispanici;0;1.19745448;1
-0.562726648;1.025203877;-0.264027119;-0.286211279;-0.05486654;0.683232277;Bianchi;0;0.933073395;0
-0.434903347;2.62522625;-0.820035589;-0.613111877;0.063739645;-0.516532051;Caucasici;0;0.852026974;0
1.561643368;-0.522978508;1.412477773;-0.387700301;-0.799186583;-0.308394986;Ispanici;0;0.907911856;0
0.002121868;-0.015552497;-1.631854881;-1.884394632;1.135479227;1.043209711;Caucasici;1;0.536845794;0
0.357509962;0.370257249;0.198574889;-1.195673221;-1.995980534;-1.848653569;Ispanici;0;0.707596185;0
-1.64137565;2.68919172;-1.068369872;-1.470374003;0.360171312;0.253340254;Ispanici;1;0.639491338;0
1.24564196;-2.322003407;-0.029510604;1.046888843;1.164475677;0.956941335;Bianchi;0;1.263580568;1
0.416344452;-0.472559026;0.371296098;-0.618595407;0.511442479;-0.31335815;Bianchi;0;0.850667477;0
0.405206075;-1.257586185;1.859397167;0.779808313;1.155438147;0.655771289;Ispanici;1;1.197364963;1
0.924278164;-0.19861757;1.131689301;1.512927635;-0.304471223;-0.6741599;Bianchi;0;1.37912265;1
1.763305953;-0.077037147;0.083002506;-0.209643772;0.209622731;0.20317553;Caucasici;0;0.952056298;1
-1.807979871;-0.807713622;-0.777862091;0.269993342;-0.25645938;0.042285618;Bianchi;0;1.070969727;1
-0.17838719;1.930314233;1.90570775;-1.781994895;0.069891746;0.003489014;Caucasici;1;0.56223312;0
-1.054448035;0.183034265;-1.320203933;-0.841788719;-1.729816268;-1.241827733;Bianchi;1;0.795332556;0
-1.665757414;2.478651567;-1.343527671;0.040422695;0.665709031;-0.131305942;Ispanici;0;1.014053712;1
-2.06578698;0.759984033;1.174420001;0.285328699;-0.946636225;-0.780836866;Bianchi;1;1.074771726;1
0.71231675;-1.206527193;-0.425716879;-0.782020684;-0.798404971;-0.326532661;Ispanici;0;0.810150471;0
0.328370022;-0.858704289;1.065793819;2.691080621;0.565774253;1.0560361;Bianchi;1;1.67121475;1
0.034628859;0.299733091;0.166058752;-0.478491891;-0.332917048;-0.534174941;Bianchi;0;0.885402465;0
-0.120398521;-0.441084177;-0.877706445;0.048518639;0.326206153;-0.000974711;Caucasici;1;1.016060889;1
0.078371107;0.359738136;-0.81796128;0.638970668;0.983056806;0.133989184;Bianchi;0;1.162447967;1
0.018686857;0.75366381;0.883096633;-0.04249946;0.827812161;-0.158398124;Bianchi;0;0.993495341;1
1.040466808;0.576865889;0.424990235;-0.66521992;0.275515354;0.838180118;Caucasici;0;0.839108153;0
2.238467986;0.071874999;1.00886878;1.037796724;0.205052509;-0.010542919;Caucasici;0;1.261326416;1
2.770967327;-0.402710839;-0.294232039;1.612811898;1.088319401;0.185747093;Caucasici;0;1.403886331;1
0.354590259;-1.321233782;1.58619528;-0.046205575;-0.984417312;-0.857142152;Bianchi;0;0.992576507;1
-0.286394338;0.269683786;2.646191006;0.550713165;-0.739826235;-0.349266036;Ispanici;0;1.140566836;1
0.336098342;1.015509363;-1.413670934;-0.114491217;0.825583376;-0.616081468;Bianchi;0;0.975646875;1
0.686460796;-0.019488534;-2.209631305;1.008704668;-0.68218123;0.507474888;Ispanici;0;1.254113804;1
0.714827449;0.902810124;0.492731983;-1.182112734;0.230046557;1.183787761;Caucasici;0;0.710958151;0
0.428345212;2.291874934;-0.711751604;2.324033511;0.44083515;-0.429160566;Caucasici;0;1.580215056;1
-0.320281608;1.995273607;0.049489283;-0.624848495;-1.256630699;-2.182206164;Caucasici;1;0.849117188;0
0.938448622;-0.341158494;-1.418129362;-1.487329588;-0.76245865;-0.812640657;Caucasici;1;0.635287646;0
0.050694813;0.590008355;-0.506776037;-0.370119545;-0.928619198;-0.901221794;Bianchi;0;0.912270543;0
-0.513584762;-0.627571704;-0.159654217;0.131674175;1.721391345;1.21113239;Caucasici;0;1.036677121;1
1.077786411;0.764619364;1.823956415;1.620955415;0.547917095;0.17452381;Ispanici;0;1.405905302;1
0.379849462;-0.04199773;-1.030520982;0.90257774;-0.554656139;1.59812457;Ispanici;0;1.227802419;1
-1.654333102;0.253336785;0.389550309;0.127388531;-0.196452881;0.433461237;Bianchi;0;1.035614608;1
-0.138353881;-0.880111143;1.432100939;-1.417382787;-2.045104879;-1.513285751;Caucasici;0;0.652629119;0
-1.844810657;1.063487805;0.2419216;-0.889553372;0.926883739;0.526073962;Caucasici;0;0.783490564;0
1.191678095;0.053361314;0.167621768;-0.180915304;-0.371324238;-0.715446105;Bianchi;1;0.959178767;1
-0.225238858;-0.57708932;-1.006999678;2.558143691;0.865056141;0.03168544;Bianchi;0;1.638256528;1
-0.693051149;-0.110669517;1.198269034;-1.892069119;-0.254595485;-0.069184862;Bianchi;0;0.534943106;0
0.304311558;0.064606737;0.594358958;1.124263824;-0.039148032;-0.111876466;Ispanici;1;1.282763663;1
0.457812804;1.790366888;-1.431803177;-0.54791255;-1.619784892;-0.297244;Caucasici;0;0.868191436;0
0.926012743;-1.098815797;-1.303589371;1.663679935;1.791873818;1.951735547;Ispanici;0;1.416497725;1
-0.107170382;2.599316972;-1.110010852;-1.165003891;1.260469901;1.54092309;Caucasici;0;0.71519984;0
-1.384172934;-0.789301756;-1.603545702;0.128563088;-0.102252658;-0.857263405;Ispanici;0;1.035905809;1
1.117467619;0.351683033;-0.160017738;-1.125022143;0.068029386;0.230836703;Caucasici;0;0.725112265;0
1.429473386;-2.019288613;0.618366713;0.894820062;1.451560591;1.182074872;Caucasici;0;1.225879107;1
1.20876689;-0.591587719;-0.507826033;1.479942581;1.566150493;1.133074716;Bianchi;1;1.370944872;1
1.223064831;0.843231549;-1.006520632;1.950794535;-0.61363931;-0.862715705;Bianchi;0;1.487680252;1
-1.028664395;0.396955408;-2.348448653;0.788017294;1.732678244;1.440238167;Bianchi;1;1.199400164;1
0.843440269;0.436230102;1.988213259;1.842439895;-0.000627637;-0.672643992;Ispanici;0;1.460816564;1
0.855549683;-0.431996554;-0.228559337;1.240599249;-0.159259838;0.159063912;Ispanici;1;1.311605977;1
-0.024269877;-1.917054108;-0.606462299;-0.149242238;-0.47564845;0.20159189;Caucasici;0;0.967031272;1
0.640424444;-1.064613339;0.096133881;0.464769292;-2.030473117;-1.88585849;Bianchi;0;1.11925931;1
-0.450383973;-0.277893881;1.58495439;-0.996397179;-0.057735606;-0.101098706;Ispanici;1;0.757001447;0
0.111546956;0.671225363;-0.692337839;-0.203016089;-1.705518991;-2.066724166;Ispanici;0;0.953699458;1
-0.936409813;0.705747318;0.81367938;1.21492583;-1.083722302;-1.933421095;Ispanici;0;1.305240927;1
0.633035099;-0.259533188;-0.458956233;0.529554238;0.127269282;0.352636175;Bianchi;0;1.135321036;1
-0.181248526;-0.190773298;-0.85679762;0.444924575;-0.281699383;0.373889334;Bianchi;0;1.114339333;1
0.555522106;-0.057495058;-1.229596453;-1.063087876;1.422287617;1.005024829;Bianchi;1;0.74046724;0
-1.382186319;-0.101411693;1.584995583;-0.625838701;-0.251075314;0.412165658;Bianchi;0;0.848871692;0
-0.45934262;1.582507514;-1.029318767;-0.787272194;-0.104476685;-0.641675878;Bianchi;0;0.808848497;0
-1.049617569;-0.735353437;0.791786723;0.382343375;-0.860510092;-0.767716188;Bianchi;1;1.098823968;1
0.806754272;-0.09984937;1.318727093;-1.015065641;1.537143383;0.835044191;Ispanici;0;0.752373092;0
-0.975535887;-0.044148333;-1.259669097;0.550485318;1.115856714;1.48226822;Bianchi;1;1.140510348;1
-0.324135627;-1.385070444;-1.093218722;-1.142028854;-0.100747872;0.831357995;Bianchi;0;0.720895897;0
1.578029123;-0.84655009;0.282317301;1.827580693;0.269497592;0.248831763;Ispanici;1;1.457132615;1
0.717554088;0.280412202;-0.710204822;0.448185676;0.948823155;-0.038043792;Bianchi;0;1.115147837;1
0.247901235;0.486641516;0.894140908;-0.723137149;0.375624795;1.660645262;Bianchi;1;0.824749097;0
-1.213755498;1.202826255;0.191642847;0.22680166;-1.469294915;-2.458450429;Bianchi;0;1.060261483;1
-1.067263652;-0.603880742;0.134883647;-0.371667775;1.442508417;1.023579593;Ispanici;1;0.9118867;0
-0.802350402;1.572435447;0.320108508;0.357993236;0.283783971;-0.135930641;Caucasici;1;1.09278699;1
-0.853152989;-0.83490082;-0.685006622;0.229309272;-0.261524383;-1.094955076;Ispanici;0;1.06088318;1
-1.248075822;-1.762769464;-1.480539239;-1.038869877;0.603605752;0.8683456;Ispanici;0;0.746471457;0
0.357510042;-1.966349087;0.493462458;-0.814203726;-0.946888519;-0.947216243;Bianchi;0;0.80217153;0
-0.679927196;1.22741268;0.07440389;0.285839724;0.543345537;0.375606831;Ispanici;1;1.074898421;1
1.046944654;0.394750512;-1.579016427;1.636515341;-0.300798973;0.218154399;Bianchi;0;1.409762977;1
0.118054594;-0.168906229;0.367947651;1.077437285;-0.108788316;0.173561707;Ispanici;1;1.271154252;1
1.030418892;-0.192894815;2.621145956;-0.646060891;-0.675791629;-1.819660258;Ispanici;0;0.843858132;0
-0.275885238;1.59189712;-0.467000656;0.816576725;-0.221024202;0.194931255;Caucasici;1;1.206480725;1
0.279398999;1.273263529;0.920032703;-0.065238022;0.434342908;-0.461710317;Bianchi;1;0.987857912;1
-0.0950116;-0.910447521;1.031029258;0.287574095;-0.471165319;-0.671236469;Bianchi;0;1.075328413;1
-0.642462313;-1.352237203;-1.36514493;0.246278977;-0.744129336;-1.150881027;Bianchi;1;1.065090373;1
0.015627212;1.060851056;-2.382484143;2.58075513;-0.389918446;-1.10639305;Ispanici;0;1.643862441;1
0.442846355;0.664530317;1.071878232;-1.21147803;-1.317916789;-0.812027192;Caucasici;0;0.703677797;0
-0.028746368;-0.360782578;-0.979088107;0.08550209;1.038917157;1.27825462;Ispanici;0;1.025229965;1
-1.142305863;0.33754044;0.135304169;-1.811146771;0.294827367;0.727194331;Ispanici;0;0.555005678;0
0.740834634;-2.045386507;-0.098390375;0.578512618;0.296292768;0.306724187;Ispanici;0;1.147458981;1
1.389211437;-0.560490521;-1.168467523;1.089529171;1.969009863;1.746721978;Ispanici;0;1.274152118;1
-0.129786183;0.383694848;-0.169568795;1.441506118;0.997876896;1.643515352;Ispanici;0;1.36141556;1
-1.619393778;-0.210583994;0.885266435;-1.957530454;1.258697111;0.933835239;Bianchi;1;0.518713687;0
0.314437479;-1.322986861;0.507960034;0.399963336;-1.423521099;-1.14984094;Caucasici;0;1.103192374;1
1.223249214;1.147813502;-0.63750271;1.590450817;-0.257648883;1.466048078;Caucasici;0;1.398342488;1
-1.052557295;1.07450072;2.355623913;-0.433746;-0.324127978;-0.169602425;Ispanici;0;0.896496034;0
0.093098194;-0.954005773;-1.042691942;-0.230190132;-0.557526899;-0.209864288;Ispanici;0;0.946962367;0
1.13548614;-0.078332955;1.594192812;-0.053106136;-0.025745438;0.26982805;Ispanici;0;0.990865694;1
-1.27793462;0.765762805;0.020337448;0.351812698;-0.659226001;0.095972359;Bianchi;0;1.091254688;1
0.664245387;0.948389492;0.230593419;0.654467377;0.403634219;-0.462372702;Bianchi;0;1.166289969;1
1.899680518;-0.365321957;-1.238621642;1.312594143;1.179114806;0.7157744;Caucasici;0;1.329455221;1
1.086815885;-0.78614919;-0.144981522;-0.112550188;-0.387401568;-0.449528469;Ispanici;0;0.976128102;1
0.64157299;0.425140684;-0.058904049;0.181658861;-0.373399182;-0.532325624;Bianchi;0;1.049069511;0
1.771209066;-1.874927822;-0.649388292;2.492570871;0.537750647;-0.222878705;Ispanici;0;1.621999469;1
-0.246686586;-1.047772969;0.861148928;0.418446268;0.494182748;-0.728376161;Bianchi;0;1.107774732;1
-0.707285536;0.882074715;0.236080208;0.174070906;0.456427711;0.185331571;Ispanici;0;1.047188277;1
0.542374351;-1.655218225;-1.124243066;-1.369746771;-1.027217414;-0.063804065;Bianchi;1;0.664439219;0
-0.693555383;-1.158294354;-0.63486658;-0.013382964;-1.550185242;-0.2618523;Caucasici;0;1.000714012;1
0.363250553;-0.217482555;1.305333921;-0.239442596;-0.083737908;0.496225905;Bianchi;0;0.944668462;0
-0.757851669;-0.401582512;-0.589785387;-0.027401264;-0.44730819;-1.79267465;Bianchi;0;0.997238543;1
0.711506972;-1.741812529;1.406448619;-0.596499449;-0.202735747;0.284959037;Bianchi;1;0.85614559;0
0.907931966;0.652576763;0.634636435;-0.708830371;1.102003842;0.932320822;Bianchi;0;0.828296087;0
-0.335555068;-1.069874733;-1.157259585;-0.743072734;0.680874032;0.912040431;Bianchi;1;0.819806592;0
-1.014712508;-0.304336039;2.271535246;-0.232563829;1.440357844;2.262843433;Caucasici;1;0.946373871;0
2.268831121;-0.009111891;1.804026904;1.363327247;-1.474598269;-0.605993461;Bianchi;1;1.342033162;1
-0.187345284;0.675188643;-1.246845191;1.041609351;-0.826463653;-0.947193864;Bianchi;0;1.262271657;1
1.079750545;0.05911457;0.849044194;-0.379252686;0.736008326;0.357448784;Caucasici;0;0.910006221;0
0.108203335;-0.057576468;-1.189732105;-1.716298218;-1.77783798;-1.651374232;Ispanici;0;0.578520886;0
0.85291495;1.85001606;0.208696451;-0.867919386;0.529163682;1.242590307;Bianchi;0;0.788854143;0
-0.086640474;0.394144026;-0.381618574;-0.477857013;-1.346208531;-1.013566529;Caucasici;1;0.885559867;0
-1.6711774;0.62537213;-0.76342808;0.088242999;-0.290861111;0.47123573;Caucasici;1;1.025909501;1
1.299712572;0.661484529;0.687030615;-0.68441926;-0.400840396;-0.305227545;Bianchi;1;0.834348181;0
2.393862937;0.798465168;0.3437308;2.007222858;-1.30519538;-2.346411633;Ispanici;0;1.501670173;1
0.08701786;1.403799381;0.453178298;-0.290810589;0.175820499;0.291384327;Ispanici;0;0.931933116;0
-0.25713049;-0.021036161;-2.747043636;-1.240373669;0.221796223;-1.071463533;Bianchi;0;0.696513882;0
0.67872531;0.335447697;-0.082880041;-0.158707694;0.095809072;0.954656045;Bianchi;0;0.964684561;1
-1.142534075;1.955011116;-0.426211878;-1.030060121;-2.240129038;-2.417264239;Caucasici;0;0.748655605;0
-0.648853254;-0.470071127;0.379546968;0.141200515;-0.484201592;-0.098253703;Bianchi;0;1.039038927;1
-2.23939129;1.238326266;0.281532346;0.219327266;-0.901849059;-1.020415321;Bianchi;0;1.058408404;1
-1.337907901;-0.62117716;-1.323485774;0.342302577;2.404618066;1.156660025;Caucasici;0;1.088896903;1
-0.055187028;1.826888059;0.377695025;-1.651703562;-0.17237594;-0.695672603;Bianchi;0;0.594535435;0
-1.607697273;-0.723880919;0.022115023;0.206296724;0.231286605;0.967528033;Ispanici;1;1.055177823;1
-0.31977409;-0.725721237;-0.331291969;0.296787038;-0.165950765;-0.436054389;Bianchi;0;1.07761252;1
-0.047138;1.117394227;0.469645557;-1.449272556;-0.35472155;0.162491274;Bianchi;1;0.644722888;0
1.214181336;1.130549723;-1.898235073;0.947103491;1.795912289;1.492726917;Ispanici;0;1.23884141;1
2.129517584;0.779117959;1.456831156;0.774475047;-0.660579829;-0.649373663;Bianchi;1;1.19604272;1
0.229578842;0.245153823;-1.94996341;2.302614765;1.84806168;1.849041412;Bianchi;1;1.57490484;1
-0.92131585;0.30214465;0.390281479;0.141752378;1.236556511;1.017087778;Bianchi;1;1.039175747;1
-0.643000781;2.246202642;-1.302058079;0.030861971;1.197371314;1.315676798;Bianchi;1;1.011683382;1
-0.53182996;-1.41189419;2.022080673;0.081131769;-2.806014531;-2.211390151;Caucasici;0;1.024146459;1
-1.572197475;-1.038159353;-0.904861564;0.054087563;-0.193524304;-0.136147141;Bianchi;1;1.017441558;1
-0.888599473;-1.366393811;-0.825975359;-1.880215878;-1.272887829;-1.433298006;Caucasici;0;0.537881806;0
0.667025189;1.123260106;1.301095162;-1.701384967;-0.302798235;0.792082709;Ispanici;0;0.582218235;0
2.3414057;0.011115617;0.803020482;-0.094451253;1.209046609;1.253817736;Ispanici;1;0.980615258;1
-0.762060164;-0.206699915;-0.149612185;-0.602196503;-0.765435287;-0.58458587;Bianchi;0;0.854733155;0
-1.681271775;1.838158804;-1.090817398;0.03893199;0.070839477;-0.479850465;Ispanici;0;1.013684131;1
-1.441516879;-0.709464498;0.800718309;-2.145151775;-1.776850212;-1.587672714;Bianchi;1;0.472197907;0
-0.668569198;2.077046095;0.26403693;-1.527512145;1.50105216;0.821468677;Bianchi;0;0.625325436;0
-0.15138457;-1.434995109;-1.514232727;-1.126970824;1.261670045;1.492573056;Ispanici;0;0.72462914;0
0.282498239;1.355298538;1.158603965;0.978053109;-2.009205793;-1.66575547;Caucasici;1;1.246514555;1
1.967636528;0.61449737;-0.896654421;-1.123952324;-2.227688307;-1.778097376;Bianchi;1;0.725377498;0
-1.060958979;-0.500972325;-0.40240991;-0.822472473;1.023742924;1.175391329;Ispanici;1;0.800121512;0
-0.744355427;-0.114202583;1.13727754;0.064279798;2.582612658;1.377881824;Caucasici;0;1.019968455;1
1.270527468;1.546159543;0.703527004;-0.341712155;-0.648424115;0.404677079;Bianchi;1;0.91931341;0
-2.163192291;1.691333128;-0.733714138;0.13138043;0.619311589;0.273720703;Bianchi;1;1.036604295;1
0.676805457;-1.754608355;-0.204515649;2.308102966;-0.889736193;-0.588152647;Caucasici;1;1.576265496;1
-1.059530157;3.491794712;-1.369385312;-1.150284679;1.347457631;0.369617883;Ispanici;0;0.718849082;0
0.550872555;2.752564473;0.638076335;-0.324290748;-0.048544297;-0.420046038;Ispanici;0;0.92363259;0
0.069886669;-0.542537059;1.740118735;-0.53735002;0.711016107;2.075170288;Caucasici;0;0.870810138;0
-0.19450915;-0.138233601;-0.995728782;1.508798165;-0.523753586;-0.416640239;Bianchi;0;1.378098857;1
0.251336782;-0.644585071;0.644848483;-0.792191962;-2.696294958;-3.10280097;Ispanici;1;0.807628769;0
-1.366622513;-0.258351096;-0.07712905;-0.099037277;-0.092495996;0.532419518;Ispanici;0;0.979478274;1
-1.023576198;0.635293502;-1.660512411;0.777462594;-0.14322578;-1.22518746;Bianchi;0;1.196783404;1
0.732480067;0.225738177;0.290073053;-1.083718711;0.692489922;0.854327814;Caucasici;0;0.735352366;0
0.89680885;0.257897759;-1.492649924;1.652774279;-1.489861559;-1.512528058;Bianchi;0;1.413793954;1
-1.536428066;1.31980739;1.128685878;0.665158708;-0.847733565;-0.225611038;Bianchi;0;1.168940604;1
0.82858877;-2.154936643;-0.874585132;-1.099465563;0.852102094;0.421631775;Bianchi;0;0.731448348;0
-1.338179914;-0.688398979;-0.202376068;0.442121775;-0.254290432;-0.164832962;Caucasici;0;1.113644452;1
-0.168528188;0.126481743;0.771770562;-0.23135643;-1.929587289;-1.912953451;Bianchi;0;0.946673214;0
-0.610319306;-0.744683267;1.309802907;0.299589;-3.355154842;-1.391667138;Caucasici;0;1.078307193;1
-1.191206492;0.964943492;-0.033850875;-0.106991631;-1.602371277;-0.816482699;Caucasici;0;0.977506201;0
1.61700472;-0.313728254;-0.210661576;1.063218223;2.793993221;1.653630195;Bianchi;0;1.267629009;1
0.827379841;-0.302055301;-0.232730134;-1.378678207;-0.065900799;-0.094416942;Bianchi;1;0.662224904;0
-0.809577676;1.163897669;-0.489653737;-0.54325632;0.962028461;1.306972956;Caucasici;0;0.869345826;0
0.845793253;0.969467643;0.498131776;-0.267540474;-0.303159585;0.212117057;Bianchi;0;0.937702331;0
